player_id,surname,forename,player_name,player_dob,comp_rec_pos,soccerbase_pos,tm_pos_1,tm_pos_2,tm_pos_3
ACourtAlan19340930,A'Court,Alan,Alan A'Court,1934-09-30,Outside Left,,,,
AchterbergJohn19710708,Achterberg,John,John Achterberg,1971-07-08,,Goalkeeper,Goalkeeper,,
AdamsArthur,Adams,Arthur,Arthur Adams,,Outside Right,,,,
AdamsEdward19081112,Adams,Edward,Edward Adams,1908-11-12,Outside Right,,,,
AdkinsNigel19650311,Adkins,Nigel,Nigel Adkins,1965-03-11,Goalkeeper,,Goalkeeper,,
AhmedAdnan19840607,Ahmed,Adnan,Adnan Ahmed,1984-06-07,,Midfielder,Central Midfield,,
AimsonWill19940603,Aimson,Will,Will Aimson,1994-06-03,,Defender,Centre-Back,,
AistonSam19761121,Aiston,Sam,Sam Aiston,1976-11-21,,Midfielder,Left Winger,,
AkammaduFranklyn19980811,Akammadu,Franklyn,Franklyn Akammadu,1998-08-11,,Forward,Centre-Forward,Right Winger,Left Winger
AkinsLucas19890225,Akins,Lucas,Lucas Akins,1989-02-25,,Forward,Right Winger,Centre-Forward,Right-Back
AkpaAkproJeanLouis19850104,Akpa Akpro,Jean-Louis,Jean-Louis Akpa Akpro,1985-01-04,,Forward,Centre-Forward,Second Striker,Left Winger
AkpanUdi19990210,Akpan,Udi,Udi Akpan,1999-02-10,,Forward,,,
AkpanUdoyen19990210,Akpan,Udoyen,Udoyen Akpan,1999-02-10,,,Centre-Forward,Second Striker,Right Winger
AlabiJames19941108,Alabi,James,James Alabi,1994-11-08,,Forward,Centre-Forward,Left Winger,Right Winger
AlcockEdward1914,Alcock,Edward,Edward Alcock,,Outside Left,,,,
AldridgeJohn19580918,Aldridge,John,John Aldridge,1958-09-18,Forward,Forward,Centre-Forward,,
AldridgePaul19811202,Aldridge,Paul,Paul Aldridge,1981-12-02,,Forward,Centre-Forward,,
AlexanderAlex19240928,Alexander,Alex,Alex Alexander,1924-09-28,Outside Left,,,,
AlldisGillie19200126,Alldis,Gillie,Gillie Alldis,1920-01-26,Right Half,,,,
AllenGraham19770408,Allen,Graham,Graham Allen,1977-04-08,,Defender,Centre-Back,Right-Back,
AllenMark19631218,Allen,Mark,Mark Allen,1963-12-18,Forward,,,,
AllenRussell19540109,Allen,Russell,Russell Allen,1954-01-09,Forward,,,,
AllisonWayne19681016,Allison,Wayne,Wayne Allison,1968-10-16,,Forward,Centre-Forward,,
AlmondJohn41915,Almond,John,John Almond,,Outside Left,,,,
AlmondLouis19920105,Almond,Louis,Louis Almond,1992-01-05,,Forward,Centre-Forward,Left Winger,
AmeryCharlie19100916,Amery,Charlie,Charlie Amery,1910-09-16,Left Back,,,,
AmooDavid19910413,Amoo,David,David Amoo,1991-04-13,,Forward,Right Winger,Left Winger,Second Striker
AndersJimmy19280308,Anders,Jimmy,Jimmy Anders,1928-03-08,Outside Left,,,,
AndersonDoug19630829,Anderson,Doug,Doug Anderson,1963-08-29,Outside Left,,Winger,,
AndersonIain19770723,Anderson,Iain,Iain Anderson,1977-07-23,,Midfielder,Right Winger,Right Midfield,
AndersonTed19110717,Anderson,Ted,Ted Anderson,1911-07-17,Wing Half,,,,
AntwiGodwin19880607,Antwi,Godwin,Godwin Antwi,1988-06-07,,Defender,Centre-Back,,
ApterRob20030423,Apter,Rob,Rob Apter,2003-04-23,,Midfielder,Right Winger,Attacking Midfield,
AriyibiGboly19950118,Ariyibi,Gboly,Gboly Ariyibi,1995-01-18,,Forward,Left Winger,Right Winger,Attacking Midfield
ArnellAlan19331125,Arnell,Alan,Alan Arnell,1933-11-25,Center Forward,,,,
ArthurworreyStephen19941015,Arthurworrey,Stephen,Stephen Arthurworrey,1994-10-15,,Defender,Centre-Back,,
AshcroftBilly19521001,Ashcroft,Billy,Billy Ashcroft,1952-10-01,Central Defender,,Centre-Back,Centre-Forward,
AshcroftLlew19210710,Ashcroft,Llew,Llew Ashcroft,1921-07-10,Outside Right,,,,
AshtonNeil19850115,Ashton,Neil,Neil Ashton,1985-01-15,,Defender,Left-Back,Centre-Back,
AshworthBarry19420815,Ashworth,Barry,Barry Ashworth,1942-08-15,Right Half,,,,
AskewDarren,Askew,Darren,Darren Askew,,,,,,
AspinallJohn19590315,Aspinall,John,John Aspinall,1959-03-15,Midfielder,,Winger,,
AtkinsonChris19920213,Atkinson,Chris,Chris Atkinson,1992-02-13,,Midfielder,Central Midfield,,
AtkinsonHarold19250728,Atkinson,Harold,Harold Atkinson,1925-07-28,Center Forward,,,,
BabbPhil19701130,Babb,Phil,Phil Babb,1970-11-30,,Defender,Centre-Back,Left-Back,
BainKithson19820526,Bain,Kithson,Kithson Bain,1982-05-26,,Forward,Centre-Forward,,
BainbridgeBill19220309,Bainbridge,Bill,Bill Bainbridge,1922-03-09,Inside Right,,,,
BakayogoZoumana19860817,Bakayogo,Zoumana,Zoumana Bakayogo,1986-08-17,,Defender,Left-Back,Left Midfield,
BakerHorace19100901,Baker,Horace,Horace Baker,1910-09-01,Outside Right,,,,
BakerTom19850328,Baker,Tom,Tom Baker,1985-03-28,,,Central Midfield,,
BaldwinEdmund31910,Baldwin,Edmund,Edmund Baldwin,,Center Forward,,,,
BamberJack18950411,Bamber,Jack,Jack Bamber,1895-04-11,Center Half,,,,
BanksOllie19920921,Banks,Ollie,Ollie Banks,1992-09-21,,Midfielder,Central Midfield,Defensive Midfield,Attacking Midfield
BarkerGeorge19910926,Barker,George,George Barker,1991-09-26,,Midfielder,Centre-Forward,Right Winger,Left Winger
BarlowStuart19680716,Barlow,Stuart,Stuart Barlow,1968-07-16,,Forward,Centre-Forward,,
BarnettCharlie19880919,Barnett,Charlie,Charlie Barnett,1988-09-19,,Midfielder,Central Midfield,,
BarnettGraham19360517,Barnett,Graham,Graham Barnett,1936-05-17,Inside Forward,,,,
BarrettArthur19271221,Barrett,Arthur,Arthur Barrett,1927-12-21,Half Back,,,,
BarrieJohn19250517,Barrie,John,John Barrie,1925-05-17,Fullback,,,,
BartonTeddy11904,Barton,Teddy,Teddy Barton,,Right Half,,,,
BauressGary19710119,Bauress,Gary,Gary Bauress,1971-01-19,Center Half,,,,
BavinJohn19210525,Bavin,John,John Bavin,1921-05-25,Fullback,,,,
BaxterJose19920207,Baxter,Jose,Jose Baxter,1992-02-07,,Forward,Attacking Midfield,Central Midfield,Second Striker
BeamishKenny19470825,Beamish,Kenny,Kenny Beamish,1947-08-25,Forward,,Centre-Forward,,
BedfordFred19020625,Bedford,Fred,Fred Bedford,1902-06-25,Outside Right,,,,
BelehouanJean20000901,Belehouan,Jean,Jean Belehouan,2000-09-01,,Defender,Centre-Back,Left-Back,
BellBaggieAbdulai19920428,Bell-Baggie,Abdulai,Abdulai Bell-Baggie,1992-04-28,,Midfielder,Right Winger,Left Winger,
BellBunny19110410,Bell,Bunny,Bunny Bell,1911-04-10,Center Forward,,,,
BellGraham19550330,Bell,Graham,Graham Bell,1955-03-30,Midfielder,,,,
BellHarold19241122,Bell,Harold,Harold Bell,1924-11-22,Center Half,,,,
BennettGary19630920,Bennett,Gary,Gary Bennett,1963-09-20,Forward,,Centre-Forward,,
BensonLiam19920225,Benson,Liam,Liam Benson,1992-02-25,,Defender,Left-Back,Centre-Back,Right-Back
BeresfordDavid19761111,Beresford,David,David Beresford,1976-11-11,,Midfielder,Left Winger,Left Midfield,
BestJohn19400711,Best,John,John Best,1940-07-11,Half Back,,,,
BeswickSammy19030308,Beswick,Sammy,Sammy Beswick,1903-03-08,Center Forward,,,,
BevanHarry19060223,Bevan,Harry,Harry Bevan,1906-02-23,Inside Left,,,,
BillingtonStan19370223,Billington,Stan,Stan Billington,1937-02-23,Fullback,,,,
BirminghamCharles19220824,Birmingham,Charles,Charles Birmingham,1922-08-24,Inside Forward,,,,
BirtlesDanny19040224,Birtles,Danny,Danny Birtles,1904-02-24,Outside Right,,,,
BishopEddie19621128,Bishop,Eddie,Eddie Bishop,1962-11-28,Midfielder,,Central Midfield,,
BlackMichael19761006,Black,Michael,Michael Black,1976-10-06,,Midfielder,Left Winger,Right Winger,
BlackPaul19900118,Black,Paul,Paul Black,1990-01-18,,Defender,Left-Back,,
BlackettTaylorCorey19970923,Blackett-Taylor,Corey,Corey Blackett-Taylor,1997-09-23,,Midfielder,Right Winger,Left Winger,
BlackhamJoe20010910,Blackham,Joe,Joe Blackham,2001-09-10,,Midfielder,Defensive Midfield,Central Midfield,Right-Back
BlanchardMaxime19860927,Blanchard,Maxime,Maxime Blanchard,1986-09-27,,Defender,Centre-Back,Right-Back,Defensive Midfield
BlissettNathan19900629,Blissett,Nathan,Nathan Blissett,1990-06-29,,Forward,Centre-Forward,Left Winger,Right Winger
BlundellAlan19470818,Blundell,Alan,Alan Blundell,1947-08-18,Half Back,,,,
BolandAntonie19941230,Boland,Antonie,Antonie Boland,1994-12-30,,Defender,Centre-Back,Left-Back,Defensive Midfield
BonettiIvano19640801,Bonetti,Ivano,Ivano Bonetti,1964-08-01,Winger,Midfielder,Right Winger,Left Winger,
BorthwickJacksonCameron19970202,Borthwick-Jackson,Cameron,Cameron Borthwick-Jackson,1997-02-02,,Defender,Left-Back,Centre-Back,
BowenWilliam19090316,Bowen,William,William Bowen,1909-03-16,Center Forward,,,,
BracewellKen19361005,Bracewell,Ken,Ken Bracewell,1936-10-05,Fullback,,,,
BradshawGeorge19040312,Bradshaw,George,George Bradshaw,1904-03-12,Left Back,,,,
BradshawHarry18950122,Bradshaw,Harry,Harry Bradshaw,1895-01-22,Goalkeeper,,,,
BradshawZak20030922,Bradshaw,Zak,Zak Bradshaw,2003-09-22,,Defender,Centre-Back,Defensive Midfield,Left-Back
BramhallJohn19561120,Bramhall,John,John Bramhall,1956-11-20,Center Half,,,,
BranchGraham19720212,Branch,Graham,Graham Branch,1972-02-12,Winger,Midfielder,Left Winger,Left Midfield,Left-Back
BrannanGed19720115,Brannan,Ged,Ged Brannan,1972-01-15,Fullback,Midfielder,Central Midfield,Left-Back,
BrennanMike19410506,Brennan,Mike,Mike Brennan,1941-05-06,Fullback,,,,
BrezovanPeter19791209,Brezovan,Peter,Peter Brezovan,1979-12-09,,Goalkeeper,Goalkeeper,,
BridgesHarold19150630,Bridges,Harold,Harold Bridges,1915-06-30,Inside Left,,,,
BriggsArthur19000527,Briggs,Arthur,Arthur Briggs,1900-05-27,Goalkeeper,,,,
BristowEthan20011127,Bristow,Ethan,Ethan Bristow,2001-11-27,,Defender,Left-Back,,
BrodieEric19401108,Brodie,Eric,Eric Brodie,1940-11-08,Wing Half,,,,
BroomesMarlon19771128,Broomes,Marlon,Marlon Broomes,1977-11-28,,Defender,Centre-Back,Right-Back,
BrownAndy19630817,Brown,Andy,Andy Brown,1963-08-17,Defender,,,,
BrownDave19631021,Brown,Dave,Dave Brown,1963-10-21,Defender,,,,
BrownJack,Brown,Jack,Jack Brown,,Inside Forward,,,,
BrownJock19350402,Brown,Jock,Jock Brown,1935-04-02,Left Back,,,,
BrownJunior19890507,Brown,Junior,Junior Brown,1989-05-07,,Defender,Left-Back,Left Midfield,Right Midfield
BrownKayleden19920415,Brown,Kayleden,Kayleden Brown,1992-04-15,,Forward,Left Midfield,,
BrownOwen19600904,Brown,Owen,Owen Brown,1960-09-04,Forward,,,,
BrownPaul19840910,Brown,Paul,Paul Brown,1984-09-10,,Midfielder,Left Midfield,,
BrownSamuel19080501,Brown,Samuel,Samuel Brown,1908-05-01,Inside Right,,,,
BruceAlex19840928,Bruce,Alex,Alex Bruce,1984-09-28,,Defender,Centre-Back,Right-Back,Defensive Midfield
BrunaGerardo19910129,Bruna,Gerardo,Gerardo Bruna,1991-01-29,,Midfielder,Central Midfield,Defensive Midfield,Attacking Midfield
BruntRyan19930526,Brunt,Ryan,Ryan Brunt,1993-05-26,,Forward,Centre-Forward,,
BuchanTom31889,Buchan,Tom,Tom Buchan,,Right Half,,,,
BuchananDavid19860506,Buchanan,David,David Buchanan,1986-05-06,,Defender,Left-Back,,
BuckleyTed19120913,Buckley,Ted,Ted Buckley,1912-09-13,Center Forward,,,,
BullockSteve19661005,Bullock,Steve,Steve Bullock,1966-10-05,Defender,,,,
BulloughDenis18951129,Bullough,Denis,Denis Bullough,1895-11-29,Center Forward,,,,
BurgessDavid19600120,Burgess,David,David Burgess,1960-01-20,Left Back,,Right-Back,,
BurginMeynell19111129,Burgin,Meynell,Meynell Burgin,1911-11-29,Center Forward,,,,
BurkeMarshall19590326,Burke,Marshall,Marshall Burke,1959-03-26,Defender,,,,
BurnsKinear19230924,Burns,Kinear,Kinear Burns,1923-09-24,Outside Right,,,,
BurnsRobbie19901115,Burns,Robbie,Robbie Burns,1990-11-15,,Midfielder,Central Midfield,,
BurrowsWilf11902,Burrows,Wilf,Wilf Burrows,,Goalkeeper,,,,
BurtonJake20011115,Burton,Jake,Jake Burton,2001-11-15,,Forward,Centre-Forward,,
ButlerCharles19080320,Butler,Charles,Charles Butler,1908-03-20,Inside Right,,,,
BuxtonAdam19920512,Buxton,Adam,Adam Buxton,1992-05-12,,Defender,Right-Back,Left-Back,Centre-Back
ByrneJohn19390525,Byrne,John,John Byrne,1939-05-25,Outside Left,,,,
ByrneJohn19490324,Byrne,John,John Byrne,1949-03-24,Outside Right,,,,
ByrneNeill19930202,Byrne,Neill,Neill Byrne,1993-02-02,,Defender,Centre-Back,,
ByromTom19200317,Byrom,Tom,Tom Byrom,1920-03-17,Wing Half,,,,
CahillPaul19550929,Cahill,Paul,Paul Cahill,1955-09-29,Defender,,,,
CamdenChris19630528,Camden,Chris,Chris Camden,1963-05-28,Center Forward,,,,
CampbellJohnny18941014,Campbell,Johnny,Johnny Campbell,1894-10-14,Wing Half,,,,
CampbellLes19350726,Campbell,Les,Les Campbell,1935-07-26,Winger,,Left Winger,Attacking Midfield,Right Winger
CampbellTommy19350220,Campbell,Tommy,Tommy Campbell,1935-02-20,Center Forward,,,,
CansdellSherriffShane19821110,Cansdell-Sherriff,Shane,Shane Cansdell-Sherriff,1982-11-10,,Defender,Left-Back,Centre-Back,
CapriceJake19921111,Caprice,Jake,Jake Caprice,1992-11-11,,Midfielder,Right-Back,Left-Back,Right Midfield
CarlsonGeorge19250727,Carlson,George,George Carlson,1925-07-27,Center Forward,,,,
CarmodyMike19660209,Carmody,Mike,Mike Carmody,1966-02-09,Midfielder,,,,
CaroleSebastien19820908,Carole,Sebastien,Sebastien Carole,1982-09-08,,Midfielder,Right Winger,Attacking Midfield,Right Midfield
CarterJoseph18990727,Carter,Joseph,Joseph Carter,1899-07-27,Inside Right,,,,
CartmanBert19000228,Cartman,Bert,Bert Cartman,1900-02-28,Outside Left,,,,
CartwrightWilliam19220611,Cartwright,William,William Cartwright,1922-06-11,Center Half,,,,
CarvellArthur19110526,Carvell,Arthur,Arthur Carvell,1911-05-26,Left Back,,,,
CaseyGerry19410825,Casey,Gerry,Gerry Casey,1941-08-25,Half Back,,,,
CassidyJake19930209,Cassidy,Jake,Jake Cassidy,1993-02-09,,Forward,Centre-Forward,,
CassidyJames19110803,Cassidy,James,James Cassidy,1911-08-03,Inside Left,,Centre-Forward,,
CathalinaTimothy19850124,Cathalina,Timothy,Timothy Cathalina,1985-01-24,,Defender,Right-Back,Centre-Back,
ChadwickHarold19190125,Chadwick,Harold,Harold Chadwick,1919-01-25,Outside Right,,,,
ChallinorDave19751002,Challinor,Dave,Dave Challinor,1975-10-02,Central Defender,Defender,Centre-Back,,
ChalmersBilly19010403,Chalmers,Billy,Billy Chalmers,1901-04-03,Outside Left,,,,
ChalmersLogan20000324,Chalmers,Logan,Logan Chalmers,2000-03-24,,Midfielder,Left Winger,Right Winger,
ChamberlainAlec19640620,Chamberlain,Alec,Alec Chamberlain,1964-06-20,Goalkeeper,,,,
ChapmanAaron19900529,Chapman,Aaron,Aaron Chapman,1990-05-29,,Goalkeeper,Goalkeeper,,
CharltonBilly19001010,Charlton,Billy,Billy Charlton,1900-10-10,Inside Left,,,,
CharltonWilf19330912,Charlton,Wilf,Wilf Charlton,1933-09-12,Wing Half,,,,
ChecklandFrank18950731,Checkland,Frank,Frank Checkland,1895-07-31,Half Back,,,,
ChivertonTed11913,Chiverton,Ted,Ted Chiverton,,Right Half,,,,
ChorleyBen19820930,Chorley,Ben,Ben Chorley,1982-09-30,,Defender,Centre-Back,Defensive Midfield,
ClarkArchie19020404,Clark,Archie,Archie Clark,1902-04-04,Center Half,,,,
ClarkeColin19621030,Clarke,Colin,Colin Clarke,1962-10-30,Center Forward,,,,
ClarkeEddie19981229,Clarke,Eddie,Eddie Clarke,1998-12-29,,Defender,Left-Back,,
ClarkePeter19820103,Clarke,Peter,Peter Clarke,1982-01-03,,Defender,Centre-Back,,
ClaytonGordon19361103,Clayton,Gordon,Gordon Clayton,1936-11-03,Goalkeeper,,,,
ClaytonJohn19610820,Clayton,John,John Clayton,1961-08-20,Forward,,,,
CliffEddie19510930,Cliff,Eddie,Eddie Cliff,1951-09-30,Midfielder,,,,
ClintonTommy19260413,Clinton,Tommy,Tommy Clinton,1926-04-13,Fullback,,,,
ColeLarnell19930309,Cole,Larnell,Larnell Cole,1993-03-09,,Midfielder,Right Midfield,Attacking Midfield,Left Midfield
ColemanTony19450502,Coleman,Tony,Tony Coleman,1945-05-02,Outside Left,,,,
CollingsPaul19680930,Collings,Paul,Paul Collings,1968-09-30,Goalkeeper,,,,
CollinsAaron19970527,Collins,Aaron,Aaron Collins,1997-05-27,,Forward,Centre-Forward,Right Winger,Left Winger
CollisterJoe19911215,Collister,Joe,Joe Collister,1991-12-15,,Goalkeeper,Goalkeeper,,
ConnellySean19700626,Connelly,Sean,Sean Connelly,1970-06-26,,Defender,Right-Back,,
ConnerDick19310813,Conner,Dick,Dick Conner,1931-08-13,Wing Half,,,,
ConnorBill,Connor,Bill,Bill Connor,,Right Back,,,,
ConnorJohn19140201,Connor,John,John Connor,1914-02-01,Fullback,,,,
ConroyBobby19290620,Conroy,Bobby,Bobby Conroy,1929-06-20,Left Back,,Left-Back,,
CookAndy19901018,Cook,Andy,Andy Cook,1990-10-18,,Forward,Centre-Forward,,
CookFred,Cook,Fred,Fred Cook,,Outside Right,,,,
CookGeorge1909,Cook,George,George Cook,,Fullback,,,,
CookPaul19670222,Cook,Paul,Paul Cook,1967-02-22,Midfielder,Midfielder,Central Midfield,Left Midfield,
CooperKevin19750208,Cooper,Kevin,Kevin Cooper,1975-02-08,,Midfielder,Left Midfield,,
CooperSteve19640622,Cooper,Steve,Steve Cooper,1964-06-22,Forward,,Centre-Forward,,
CoppellSteve19550709,Coppell,Steve,Steve Coppell,1955-07-09,Outside Right,,,,
CorryPaul19910203,Corry,Paul,Paul Corry,1991-02-03,,Midfielder,Central Midfield,Attacking Midfield,Left Midfield
CoughlinAndy19930131,Coughlin,Andy,Andy Coughlin,1993-01-31,,Goalkeeper,Goalkeeper,,
CourtneyJohn19940112,Courtney,John,John Courtney,1994-01-12,,,Goalkeeper,,
CoxAlan19200904,Cox,Alan,Alan Cox,1920-09-04,Inside Forward,,,,
CoyneDanny19730827,Coyne,Danny,Danny Coyne,1973-08-27,Goalkeeper,Goalkeeper,Goalkeeper,,
CoyneJohn19510718,Coyne,John,John Coyne,1951-07-18,Forward,,,,
CoyneTommy19621114,Coyne,Tommy,Tommy Coyne,1962-11-14,Forward,,Centre-Forward,,
CravenSteve19570917,Craven,Steve,Steve Craven,1957-09-17,Midfielder,,,,
CrawfordAli19910730,Crawford,Ali,Ali Crawford,1991-07-30,,Midfielder,Left Midfield,Central Midfield,Attacking Midfield
CrawfordBruce19381010,Crawford,Bruce,Bruce Crawford,1938-10-10,Wing Half,,,,
CresswellAaron19891215,Cresswell,Aaron,Aaron Cresswell,1989-12-15,,Defender,Left-Back,Left Midfield,Centre-Back
CreweBilly19011126,Crewe,Billy,Billy Crewe,1901-11-26,Right Half,,,,
CromptonArthur19030109,Crompton,Arthur,Arthur Crompton,1903-01-09,Wing Half,,,,
CropperReg19020121,Cropper,Reg,Reg Cropper,1902-01-21,Inside Left,,,,
CrossanEddie19251117,Crossan,Eddie,Eddie Crossan,1925-11-17,Inside Forward,,,,
CrossleyPaul19480714,Crossley,Paul,Paul Crossley,1948-07-14,Forward,,Left Winger,,
CroughanTom19990919,Croughan,Tom,Tom Croughan,1999-09-19,,Midfielder,Second Striker,Attacking Midfield,Central Midfield
CrowtherGeorge21892,Crowther,George,George Crowther,,Center Forward,,,,
CrutchleyVic31910,Crutchley,Vic,Vic Crutchley,,Right Back,,,,
CumbesJim19440504,Cumbes,Jim,Jim Cumbes,1944-05-04,Goalkeeper,,Goalkeeper,,
CunninghamCharlie,Cunningham,Charlie,Charlie Cunningham,,Inside Left,,,,
CurnowJack19100131,Curnow,Jack,Jack Curnow,1910-01-31,Goalkeeper,,,,
CurranCraig19890823,Curran,Craig,Craig Curran,1989-08-23,,Forward,Centre-Forward,Second Striker,Right Winger
CurranFrank19170531,Curran,Frank,Frank Curran,1917-05-31,Inside Forward,,,,
CurrieTony19500101,Currie,Tony,Tony Currie,1950-01-01,,,Attacking Midfield,,
CurtisCharlie,Curtis,Charlie,Charlie Curtis,,Wing Half,,,,
CurtisTom19730301,Curtis,Tom,Tom Curtis,1973-03-01,,Midfielder,Central Midfield,,
DArcyFrank19461208,D'Arcy,Frank,Frank D'Arcy,1946-12-08,Fullback,,,,
DacresCogleyJosh19960312,Dacres-Cogley,Josh,Josh Dacres-Cogley,1996-03-12,,Midfielder,Right-Back,,
DadiEugene19730820,Dadi,Eugene,Eugene Dadi,1973-08-20,,Forward,Centre-Forward,,
DagnallChris19860415,Dagnall,Chris,Chris Dagnall,1986-04-15,,Forward,Centre-Forward,Second Striker,
DaleDickie18960521,Dale,Dickie,Dickie Dale,1896-05-21,Center Half,,,,
DaltonTim19651014,Dalton,Tim,Tim Dalton,1965-10-14,Goalkeeper,,,,
DanielsDonervon19931124,Daniels,Donervon,Donervon Daniels,1993-11-24,,Defender,Centre-Back,Right-Back,
DanielsLuke19880105,Daniels,Luke,Luke Daniels,1988-01-05,,Goalkeeper,Goalkeeper,,
DannsNeil19821123,Danns,Neil,Neil Danns,1982-11-23,,Midfielder,Central Midfield,Left Midfield,Right Midfield
DarvilleLiam19901026,Darville,Liam,Liam Darville,1990-10-26,,Defender,Right-Back,,
DaviesBen19950811,Davies,Ben,Ben Davies,1995-08-11,,Defender,Centre-Back,Left-Back,
DaviesDai19480401,Davies,Dai,Dai Davies,1948-04-01,Goalkeeper,,,,
DaviesErnie19160131,Davies,Ernie,Ernie Davies,1916-01-31,Right Half,,,,
DaviesKeith19340219,Davies,Keith,Keith Davies,1934-02-19,Inside Forward,,,,
DaviesLiam19960702,Davies,Liam,Liam Davies,1996-07-02,,Midfielder,Left Midfield,Left Winger,Right Midfield
DaviesMikey20040923,Davies,Mikey,Mikey Davies,2004-09-23,,Defender,Left-Back,,
DaviesRay19311003,Davies,Ray,Ray Davies,1931-10-03,Inside Forward,,,,
DaviesScott19870223,Davies,Scott,Scott Davies,1987-02-23,,Goalkeeper,Goalkeeper,,
DaviesSteve19871229,Davies,Steve,Steve Davies,1987-12-29,,Forward,Centre-Forward,Left Winger,Right Winger
DaviesTom19920418,Davies,Tom,Tom Davies,1992-04-18,,Defender,Centre-Back,,
DavisNeil19730815,Davis,Neil,Neil Davis,1973-08-15,,,Centre-Forward,,
DavisSamuel19000525,Davis,Samuel,Samuel Davis,1900-05-25,Right Back,,,,
DavisThomas1911,Davis,Thomas,Thomas Davis,,Inside Right,,,,
DavisonJosh19990916,Davison,Josh,Josh Davison,1999-09-16,,Forward,Centre-Forward,,
DawsonAdam19921005,Dawson,Adam,Adam Dawson,1992-10-05,,Midfielder,Right Winger,Left Winger,
DawsonFrank19081017,Dawson,Frank,Frank Dawson,1908-10-17,Left Back,,,,
DayAlf19071002,Day,Alf,Alf Day,1907-10-02,Right Half,,,,
DeanDixie19070122,Dean,Dixie,Dixie Dean,1907-01-22,Center Forward,,,,
DellowRonnie19140713,Dellow,Ronnie,Ronnie Dellow,1914-07-13,Outside Right,,Right Winger,,
DemaineDave19420507,Demaine,Dave,Dave Demaine,1942-05-07,Winger,,,,
DempseyJohn19510402,Dempsey,John,John Dempsey,1951-04-02,Fullback,,,,
DennisKristian19900312,Dennis,Kristian,Kristian Dennis,1990-03-12,,Forward,Centre-Forward,,
DevaneyMartin19800601,Devaney,Martin,Martin Devaney,1980-06-01,,Midfielder,Right Midfield,Left Midfield,
DevineJames19990726,Devine,James,James Devine,1999-07-26,,Midfielder,Central Midfield,Defensive Midfield,
DieseruvweEmmanuel19950220,Dieseruvwe,Emmanuel,Emmanuel Dieseruvwe,1995-02-20,,Forward,Centre-Forward,,
DillonVince19231002,Dillon,Vince,Vince Dillon,1923-10-02,Center Forward,,,,
DixonErnie19010710,Dixon,Ernie,Ernie Dixon,1901-07-10,Center Forward,,,,
DockingStan19141213,Docking,Stan,Stan Docking,1914-12-13,Inside Left,,,,
DoddErnie19140501,Dodd,Ernie,Ernie Dodd,1914-05-01,Right Back,,,,
DoddJim19331212,Dodd,Jim,Jim Dodd,1933-12-12,Center Forward,,,,
DonacienJanoi19931103,Donacien,Janoi,Janoi Donacien,1993-11-03,,Defender,Centre-Back,Right-Back,
DonaldsonRyan19910501,Donaldson,Ryan,Ryan Donaldson,1991-05-01,,Midfielder,Right Winger,Right Midfield,Left Winger
DoneCyril19201021,Done,Cyril,Cyril Done,1920-10-21,Center Forward,,,,
DonnellyGeorge19880528,Donnelly,George,George Donnelly,1988-05-28,,Forward,Centre-Forward,,
DonnellyRory19920218,Donnelly,Rory,Rory Donnelly,1992-02-18,,Forward,Centre-Forward,Right Winger,Left Winger
DoohanRoss19980329,Doohan,Ross,Ross Doohan,1998-03-29,,Goalkeeper,Goalkeeper,,
DoonanTom19221005,Doonan,Tom,Tom Doonan,1922-10-05,Center Forward,,,,
DrysdaleDeclan19991114,Drysdale,Declan,Declan Drysdale,1999-11-14,,Defender,Centre-Back,Defensive Midfield,
DuffStanley11919,Duff,Stanley,Stanley Duff,,Outside Left,,,,
DuffyAlan19491220,Duffy,Alan,Alan Duffy,1949-12-20,Inside Forward,,,,
DuffyMark19851007,Duffy,Mark,Mark Duffy,1985-10-07,,Midfielder,Central Midfield,Attacking Midfield,Right Midfield
DugdaleAdam19870912,Dugdale,Adam,Adam Dugdale,1987-09-12,,Defender,Centre-Back,Defensive Midfield,
DugganMitch19970320,Duggan,Mitch,Mitch Duggan,1997-03-20,,Defender,Centre-Back,Right-Back,Defensive Midfield
DunnJack19941119,Dunn,Jack,Jack Dunn,1994-11-19,,Midfielder,Second Striker,Left Winger,Right Winger
DwyerDylan20030906,Dwyer,Dylan,Dylan Dwyer,2003-09-06,,,Left-Back,,
DysonBarry19420906,Dyson,Barry,Barry Dyson,1942-09-06,Inside Forward,,,,
EasthamHarry19170630,Eastham,Harry,Harry Eastham,1917-06-30,Inside Left,,,,
EatonSteve19591225,Eaton,Steve,Steve Eaton,1959-12-25,Defender,,,,
EcclestonNathan19901230,Eccleston,Nathan,Nathan Eccleston,1990-12-30,,Forward,Centre-Forward,Right Winger,Left Winger
EddsGareth19810203,Edds,Gareth,Gareth Edds,1981-02-03,,Midfielder,Defensive Midfield,,
EdenBilly19050701,Eden,Billy,Billy Eden,1905-07-01,Outside Left,,Left Winger,,
EdwardsChristian19751123,Edwards,Christian,Christian Edwards,1975-11-23,,Defender,Centre-Back,,
EdwardsElfyn19600504,Edwards,Elfyn,Elfyn Edwards,1960-05-04,Center Half,,,,
EdwardsMalcolm19391025,Edwards,Malcolm,Malcolm Edwards,1939-10-25,Left Half,,,,
EdwardsMike19740910,Edwards,Mike,Mike Edwards,1974-09-10,Midfielder,,,,
EdwardsRyan19931007,Edwards,Ryan,Ryan Edwards,1993-10-07,,Midfielder,Centre-Back,Right-Back,
EdwardsSteve19580111,Edwards,Steve,Steve Edwards,1958-01-11,Defender,,,,
EdwardsWilliam,Edwards,William,William Edwards,,Right Half,,,,
EganReuben20050727,Egan,Reuben,Reuben Egan,2005-07-27,,Goalkeeper,Goalkeeper,,
EglingtonTommy19230115,Eglington,Tommy,Tommy Eglington,1923-01-15,Outside Left,,,,
ElfordAlliyuLateef19920601,Elford-Alliyu,Lateef,Lateef Elford-Alliyu,1992-06-01,,Forward,Centre-Forward,Left Winger,Right Winger
EllisMark19880930,Ellis,Mark,Mark Ellis,1988-09-30,,Defender,Centre-Back,,
EllisonKevin19790223,Ellison,Kevin,Kevin Ellison,1979-02-23,,Midfielder,Left Winger,Centre-Forward,
EllisonNorman19291102,Ellison,Norman,Norman Ellison,1929-11-02,Outside Right,,,,
EndersbyScott19620220,Endersby,Scott,Scott Endersby,1962-02-20,Goalkeeper,,Goalkeeper,,
EvansBernard19370104,Evans,Bernard,Bernard Evans,1937-01-04,Center Forward,,,,
EvansClive19570501,Evans,Clive,Clive Evans,1957-05-01,Midfielder,,Central Midfield,,
EvansDennis19350723,Evans,Dennis,Dennis Evans,1935-07-23,Fullback,,,,
EvansHerbie18940830,Evans,Herbie,Herbie Evans,1894-08-30,Half Back,,,,
EvansJabez18950429,Evans,Jabez,Jabez Evans,1895-04-29,Outside Left,,,,
FaceyDelroy19800422,Facey,Delroy,Delroy Facey,1980-04-22,,Forward,Centre-Forward,,
FaganKit19500605,Fagan,Kit,Kit Fagan,1950-06-05,Wing Half,,Centre-Back,,
FaircloughDavid19570105,Fairclough,David,David Fairclough,1957-01-05,Forward,,Centre-Forward,,
FaircloughPeter,Fairclough,Peter,Peter Fairclough,,Left Half,,,,
FairhurstDick19110905,Fairhurst,Dick,Dick Fairhurst,1911-09-05,Right Back,,,,
FanimoMatthias19940128,Fanimo,Matthias,Matthias Fanimo,1994-01-28,,Forward,Right Winger,Left Winger,
FarnworthSimon19631028,Farnworth,Simon,Simon Farnworth,1963-10-28,Goalkeeper,,,,
FarrellPeter19220816,Farrell,Peter,Peter Farrell,1922-08-16,Wing Half,,,,
FarrimondSyd19400717,Farrimond,Syd,Syd Farrimond,1940-07-17,Left Back,,Left-Back,,
FeeneyLiam19870121,Feeney,Liam,Liam Feeney,1987-01-21,,Midfielder,Right Midfield,Left Midfield,
FeeneyMorgan19990208,Feeney,Morgan,Morgan Feeney,1999-02-08,,Defender,Centre-Back,,
FenelonShamir19940803,Fenelon,Shamir,Shamir Fenelon,1994-08-03,,Forward,Centre-Forward,Right Winger,Left Winger
FenwickScott19900409,Fenwick,Scott,Scott Fenwick,1990-04-09,,Forward,Centre-Forward,,
FergusonMark19601106,Ferguson,Mark,Mark Ferguson,1960-11-06,Forward,,Centre-Forward,,
FerrierMorgan19941115,Ferrier,Morgan,Morgan Ferrier,1994-11-15,,Forward,Centre-Forward,Left Winger,Right Winger
FeuerIan19710520,Feuer,Ian,Ian Feuer,1971-05-20,,Goalkeeper,Goalkeeper,,
FinlayPat19380318,Finlay,Pat,Pat Finlay,1938-03-18,Left Back,,,,
FinleySam19920804,Finley,Sam,Sam Finley,1992-08-04,,Midfielder,Central Midfield,Defensive Midfield,Attacking Midfield
FinneyKen19290310,Finney,Ken,Ken Finney,1929-03-10,Outside Right,,Right Winger,,
FisherMax20031003,Fisher,Max,Max Fisher,2003-10-03,,Midfielder,Centre-Forward,,
FishwickBert11899,Fishwick,Bert,Bert Fishwick,,Inside Left,,,,
FlanaganJack11902,Flanagan,Jack,Jack Flanagan,,Center Forward,,,,
FlemingJack19990110,Fleming,Jack,Jack Fleming,1999-01-10,,Midfielder,Centre-Back,Left-Back,
FlemingMike19280223,Fleming,Mike,Mike Fleming,1928-02-23,Inside Forward,,,,
FloodEddie19521119,Flood,Eddie,Eddie Flood,1952-11-19,Fullback,,Left-Back,Centre-Back,
FlowersGeorge19070507,Flowers,George,George Flowers,1907-05-07,Left Half,,,,
FlynnSean19680313,Flynn,Sean,Sean Flynn,1968-03-13,,Midfielder,Central Midfield,Central Midfield,
FoggBilly19030309,Fogg,Billy,Billy Fogg,1903-03-09,Inside Right,,,,
FoleySam19861017,Foley,Sam,Sam Foley,1986-10-17,,Midfielder,Central Midfield,Left Midfield,Right Midfield
FonWilliamsOwain19870317,Fon Williams,Owain,Owain Fon Williams,1987-03-17,,Goalkeeper,Goalkeeper,,
FordJohn,Ford,John,John Ford,,Inside Right,,,,
ForshawAllen,Forshaw,Allen,Allen Forshaw,,Right Back,,,,
ForshawArthur31913,Forshaw,Arthur,Arthur Forshaw,,Outside Right,,,,
FosterStephen19800918,Foster,Stephen,Stephen Foster,1980-09-18,,Defender,Centre-Back,,
FosterWilliam,Foster,William,William Foster,,Center Forward,,,,
FrailStephen19690810,Frail,Stephen,Stephen Frail,1969-08-10,,Defender,Right-Back,Defensive Midfield,Defensive Midfield
FrancisSimon19850216,Francis,Simon,Simon Francis,1985-02-16,,Defender,Right-Back,Centre-Back,
FraserNathan19130416,Fraser,Nathan,Nathan Fraser,1913-04-16,Center Forward,,,,
FraughanRyan19910211,Fraughan,Ryan,Ryan Fraughan,1991-02-11,,Midfielder,Central Midfield,Left Midfield,
FrithDavid19290317,Frith,David,David Frith,1929-03-17,Fullback,,,,
FrostWinston21911,Frost,Winston,Winston Frost,,Goalkeeper,,,,
FryeJohn19330727,Frye,John,John Frye,1933-07-27,Inside Forward,,,,
FultonDavid18951016,Fulton,David,David Fulton,1895-10-16,Center Forward,,,,
GardnerDan19900405,Gardner,Dan,Dan Gardner,1990-04-05,,Forward,Central Midfield,Right Midfield,Left Midfield
GarnettShaun19691122,Garnett,Shaun,Shaun Garnett,1969-11-22,Central Defender,,Centre-Back,,
GaskellAlec19320730,Gaskell,Alec,Alec Gaskell,1932-07-30,Center Forward,,,,
GeorgeShamal19980106,George,Shamal,Shamal George,1998-01-06,,Goalkeeper,Goalkeeper,,
GibsonBen19930115,Gibson,Ben,Ben Gibson,1993-01-15,,Defender,Centre-Back,,
GibsonNeil19791010,Gibson,Neil,Neil Gibson,1979-10-10,,Midfielder,Central Midfield,,
GibsonWilliam19260917,Gibson,William,William Gibson,1926-09-17,Fullback,,,,
GillFrancis11897,Gill,Francis,Francis Gill,,Goalkeeper,,,,
GillFrank19481205,Gill,Frank,Frank Gill,1948-12-05,Winger,,,,
GillMatt19801108,Gill,Matt,Matt Gill,1980-11-08,,Midfielder,Defensive Midfield,Central Midfield,
GillWayne19751128,Gill,Wayne,Wayne Gill,1975-11-28,,Midfielder,Attacking Midfielder,,
GilmourHarvey19981215,Gilmour,Harvey,Harvey Gilmour,1998-12-15,,Midfielder,Central Midfield,Attacking Midfield,Left Midfield
GinnellyJosh19970324,Ginnelly,Josh,Josh Ginnelly,1997-03-24,,Forward,Left Winger,Right Winger,Centre-Forward
GlasperWilliam41910,Glasper,William,William Glasper,,Right Half,,,,
GlatzelPaul20010220,Glatzel,Paul,Paul Glatzel,2001-02-20,,Forward,Centre-Forward,,
GlennonChris19491029,Glennon,Chris,Chris Glennon,1949-10-29,Forward,,,,
GnanduilletArmand19920213,Gnanduillet,Armand,Armand Gnanduillet,1992-02-13,,Forward,Centre-Forward,,
GodwinVerdi19260211,Godwin,Verdi,Verdi Godwin,1926-02-11,Center Forward,,,,
GolobartRoman19920321,Golobart,Roman,Roman Golobart,1992-03-21,,Defender,Centre-Back,,
GoodJohn19330129,Good,John,John Good,1933-01-29,Outside Right,,,,
GoodisonIan19721121,Goodison,Ian,Ian Goodison,1972-11-21,,Defender,Centre-Back,Right-Back,
GoodlassRonnie19530906,Goodlass,Ronnie,Ronnie Goodlass,1953-09-06,Outside Left,,,,
GordonBen19910302,Gordon,Ben,Ben Gordon,1991-03-02,,Defender,Left-Back,,
GornellTerry19891216,Gornell,Terry,Terry Gornell,1989-12-16,,Forward,Centre-Forward,Second Striker,
GortonAndy19660923,Gorton,Andy,Andy Gorton,1966-09-23,Goalkeeper,,,,
GouldHarry19250105,Gould,Harry,Harry Gould,1925-01-05,Inside Forward,,,,
GouldbourneEthan20001010,Gouldbourne,Ethan,Ethan Gouldbourne,2000-10-10,,Midfielder,Central Midfield,,
GrahamBobby19441122,Graham,Bobby,Bobby Graham,1944-11-22,Forward,,,,
GraingerJohn1896,Grainger,John,John Grainger,,Right Back,,,,
GrandisonJermaine19901205,Grandison,Jermaine,Jermaine Grandison,1990-12-05,,Defender,Centre-Back,,
GrantTony19741114,Grant,Tony,Tony Grant,1974-11-14,,Midfielder,Defensive Midfield,Central Midfield,
GrayAlbert19000923,Gray,Albert,Albert Gray,1900-09-23,Goalkeeper,,,,
GrayKevin19720107,Gray,Kevin,Kevin Gray,1972-01-07,,Defender,Centre-Back,,
GrayMatthew19070418,Gray,Matthew,Matthew Gray,1907-04-18,Left Half,,,,
GrayRobert19031007,Gray,Robert,Robert Gray,1903-10-07,Left Half,,,,
GreenDevarn19960826,Green,Devarn,Devarn Green,1996-08-26,,Forward,Right Winger,Centre-Forward,Left Winger
GreenGeorge19960102,Green,George,George Green,1996-01-02,,Midfielder,Central Midfield,Attacking Midfield,
GreenJohnny19390522,Green,Johnny,Johnny Green,1939-05-22,Inside Forward,,,,
GreenacreChris19771223,Greenacre,Chris,Chris Greenacre,1977-12-23,,Forward,Centre-Forward,,
GreenwoodRoy19520926,Greenwood,Roy,Roy Greenwood,1952-09-26,Forward,,,,
GriersonDarrell19681030,Grierson,Darrell,Darrell Grierson,1968-10-30,Goalkeeper,,,,
GriffithsClive19550122,Griffiths,Clive,Clive Griffiths,1955-01-22,Central Defender,,,,
GriffithsDavid19510525,Griffiths,David,David Griffiths,1951-05-25,Fullback,,,,
GriffithsIan19600417,Griffiths,Ian,Ian Griffiths,1960-04-17,Outside Left,,Left Midfield,,
GriffithsJames1918,Griffiths,James,James Griffiths,,Outside Left,,,,
GriffithsJoe1892,Griffiths,Joe,Joe Griffiths,,Outside Left,,,,
GriffithsJohn19160630,Griffiths,John,John Griffiths,1916-06-30,,,,,
GrovesFred18920506,Groves,Fred,Fred Groves,1892-05-06,Inside Right,,,,
GubbinsRalph19320131,Gubbins,Ralph,Ralph Gubbins,1932-01-31,Inside Forward,,Centre-Forward,,
GulacsiPeter19900506,Gulacsi,Peter,Peter Gulacsi,1990-05-06,,Goalkeeper,Goalkeeper,,
GumbsEvan19970721,Gumbs,Evan,Evan Gumbs,1997-07-21,,Defender,Centre-Back,,
GunningGavin19910126,Gunning,Gavin,Gavin Gunning,1991-01-26,,Defender,Centre-Back,Left-Back,Defensive Midfield
GwatkinPhil19290805,Gwatkin,Phil,Phil Gwatkin,1929-08-05,Outside Right,,,,
HaganAlf18931111,Hagan,Alf,Alf Hagan,1893-11-11,Inside Forward,,,,
HallPaul19720703,Hall,Paul,Paul Hall,1972-07-03,,Midfielder,Centre-Forward,Right Winger,
HallTony19690117,Hall,Tony,Tony Hall,1969-01-17,Defender,,,,
HalsteadFred41896,Halstead,Fred,Fred Halstead,,Center Half,,,,
HamiltonBryan19461221,Hamilton,Bryan,Bryan Hamilton,1946-12-21,Midfielder,,,,
HamiltonDes19760815,Hamilton,Des,Des Hamilton,1976-08-15,,Midfielder,Right Midfield,Central Midfield,
HamiltonDuke19060327,Hamilton,Duke,Duke Hamilton,1906-03-27,Right Back,,,,
HarlockDes19221220,Harlock,Des,Des Harlock,1922-12-20,Outside Right,,,,
HarrisAlbert19311121,Harris,Albert,Albert Harris,1931-11-21,Goalkeeper,,,,
HarrisJay19870415,Harris,Jay,Jay Harris,1987-04-15,,Midfielder,Central Midfield,Attacking Midfield,Defensive Midfield
HarrisJimmy19330818,Harris,Jimmy,Jimmy Harris,1933-08-18,Center Forward,,,,
HarrisonDanny19821104,Harrison,Danny,Danny Harrison,1982-11-04,,Midfielder,Central Midfield,Defensive Midfield,Centre-Back
HarropBobby19360825,Harrop,Bobby,Bobby Harrop,1936-08-25,Wing Half,,,,
HartJoe19870419,Hart,Joe,Joe Hart,1987-04-19,,Goalkeeper,Goalkeeper,,
HarveyJimmy19580502,Harvey,Jimmy,Jimmy Harvey,1958-05-02,Midfielder,,Central Midfield,,
HateleyTom19890912,Hateley,Tom,Tom Hateley,1989-09-12,,Midfielder,Defensive Midfield,Right-Back,Central Midfield
HawardenAndrew18950630,Hawarden,Andrew,Andrew Hawarden,1895-06-30,Left Half,,,,
HawkesJosh19990128,Hawkes,Josh,Josh Hawkes,1999-01-28,,Midfielder,Left Midfield,Central Midfield,Attacking Midfield
HaworthSimon19770330,Haworth,Simon,Simon Haworth,1977-03-30,,Forward,Centre-Forward,,
HayAlan19581128,Hay,Alan,Alan Hay,1958-11-28,Left Back,,,,
HayAlex19811014,Hay,Alex,Alex Hay,1981-10-14,,Forward,Centre-Forward,Right Winger,
HaydeKyle20010925,Hayde,Kyle,Kyle Hayde,2001-09-25,,Defender,Right-Back,Left-Back,
HayesCharlie18931207,Hayes,Charlie,Charlie Hayes,1893-12-07,Right Back,,,,
HayesFred,Hayes,Fred,Fred Hayes,,Inside Left,,,,
HayesJohn,Hayes,John,John Hayes,,Inside Forward,,,,
HazellReuben19790424,Hazell,Reuben,Reuben Hazell,1979-04-24,,Defender,Centre-Back,Right-Back,
HeapStuart19650207,Heap,Stuart,Stuart Heap,1965-02-07,Forward,,,,
HeathJohn19360605,Heath,John,John Heath,1936-06-05,Goalkeeper,,,,
HeathSeamus19611206,Heath,Seamus,Seamus Heath,1961-12-06,Midfielder,,,,
HemmingsKane19910408,Hemmings,Kane,Kane Hemmings,1991-04-08,,Forward,Centre-Forward,Left Winger,Right Winger
HendryRegan19980121,Hendry,Regan,Regan Hendry,1998-01-21,,Midfielder,Central Midfield,Defensive Midfield,Attacking Midfield
HenryNick19690221,Henry,Nick,Nick Henry,1969-02-21,,Midfielder,Central Midfield,,
HenryPaul19880128,Henry,Paul,Paul Henry,1988-01-28,,Midfielder,Defensive Midfield,,
HenshawErnie19101128,Henshaw,Ernie,Ernie Henshaw,1910-11-28,Center Forward,,,,
HepburnMurphyRushian19980828,Hepburn-Murphy,Rushian,Rushian Hepburn-Murphy,1998-08-28,,Midfielder,Centre-Forward,Second Striker,Right Winger
HeslopTom,Heslop,Tom,Tom Heslop,,Left Half,,,,
HeweltMateusz19960923,Hewelt,Mateusz,Mateusz Hewelt,1996-09-23,,Goalkeeper,Goalkeeper,,
HeydonJackie19281019,Heydon,Jackie,Jackie Heydon,1928-10-19,Right Half,,,,
HeywoodBert31913,Heywood,Bert,Bert Heywood,,Outside Right,,,,
HicksonDave19291030,Hickson,Dave,Dave Hickson,1929-10-30,Center Forward,,Centre-Forward,,
HigdonMichael19830902,Higdon,Michael,Michael Higdon,1983-09-02,,Forward,Centre-Forward,Second Striker,Right Winger
HigginsDave19610819,Higgins,Dave,Dave Higgins,1961-08-19,Central Defender,Defender,Centre-Back,,
HilditchMark19600820,Hilditch,Mark,Mark Hilditch,1960-08-20,Center Forward,,Centre-Forward,,
HillAlan19330701,Hill,Alan,Alan Hill,1933-07-01,Outside Left,,,,
HillClint19781019,Hill,Clint,Clint Hill,1978-10-19,,Defender,Centre-Back,Left-Back,
HillMandy19400215,Hill,Mandy,Mandy Hill,1940-02-15,Outside Right,,Right Winger,,
HillMatt19810326,Hill,Matt,Matt Hill,1981-03-26,,Defender,Left-Back,,
HillReginald1907,Hill,Reginald,Reginald Hill,,Center Half,,,,
HiltonHarold18891113,Hilton,Harold,Harold Hilton,1889-11-13,Inside Right,,,,
HinchJimmy19471108,Hinch,Jimmy,Jimmy Hinch,1947-11-08,Center Forward,,,,
HinchliffeBen19881009,Hinchliffe,Ben,Ben Hinchliffe,1988-10-09,,Goalkeeper,Goalkeeper,,
HindsRichard19800822,Hinds,Richard,Richard Hinds,1980-08-22,,Defender,Centre-Back,Right-Back,
HockenhullBen20010903,Hockenhull,Ben,Ben Hockenhull,2001-09-03,,Defender,Centre-Back,,
HodgsonLaurie19170119,Hodgson,Laurie,Laurie Hodgson,1917-01-19,Fullback,,,,
HoganLiam19890208,Hogan,Liam,Liam Hogan,1989-02-08,,Defender,Centre-Back,Right-Back,
HolderAlan19311210,Holder,Alan,Alan Holder,1931-12-10,Forward,,,,
HollifieldMike19610502,Hollifield,Mike,Mike Hollifield,1961-05-02,Fullback,,,,
HolmesDanny19890106,Holmes,Danny,Danny Holmes,1989-01-06,,Defender,Right-Back,Left-Back,Centre-Back
HolnessMarcus19881208,Holness,Marcus,Marcus Holness,1988-12-08,,Defender,Centre-Back,,
HoodJackie19380108,Hood,Jackie,Jackie Hood,1938-01-08,Inside Forward,,,,
HopkinsonSamuel19020209,Hopkinson,Samuel,Samuel Hopkinson,1902-02-09,Left Half,,,,
HornbyEric19230331,Hornby,Eric,Eric Hornby,1923-03-31,Fullback,,,,
HorwoodEvan19860310,Horwood,Evan,Evan Horwood,1986-03-10,,Defender,Left-Back,,
HorwoodNeil19640804,Horwood,Neil,Neil Horwood,1964-08-04,Center Forward,,,,
HotiFlorent20001211,Hoti,Florent,Florent Hoti,2000-12-11,,Forward,Central Midfield,Defensive Midfield,Left Midfield
HowarthRussell19820327,Howarth,Russell,Russell Howarth,1982-03-27,,Goalkeeper,Goalkeeper,,
HudsonGeorge19370314,Hudson,George,George Hudson,1937-03-14,Center Forward,,Centre-Forward,,
HughesDavid19430427,Hughes,David,David Hughes,1943-04-27,Winger,,,,
HughesJeff19850529,Hughes,Jeff,Jeff Hughes,1985-05-29,,Midfielder,Central Midfield,Left Midfield,Left-Back
HughesMark19620203,Hughes,Mark,Mark Hughes,1962-02-03,Central Defender,,Centre-Back,Sweeper,
HughesRhys20010921,Hughes,Rhys,Rhys Hughes,2001-09-21,,Forward,Attacking Midfield,Left Midfield,Central Midfield
HughesThomas,Hughes,Thomas,Thomas Hughes,,Outside Left,,,,
HugillJordan19920604,Hugill,Jordan,Jordan Hugill,1992-06-04,,Forward,Centre-Forward,,
HumeIain19831030,Hume,Iain,Iain Hume,1983-10-30,,Forward,Centre-Forward,,
HuntRobert,Hunt,Robert,Robert Hunt,,Outside Right,,,,
HutchinsonBobby19530619,Hutchinson,Bobby,Bobby Hutchinson,1953-06-19,Midfielder,,,,
HyamJames,Hyam,James,James Hyam,,Center Forward,,,,
IcetonLloyd19200330,Iceton,Lloyd,Lloyd Iceton,1920-03-30,Outside Left,,,,
IhiekweMichael19921120,Ihiekwe,Michael,Michael Ihiekwe,1992-11-20,,Defender,Centre-Back,Right-Back,
IlesanmiSam19980713,Ilesanmi,Sam,Sam Ilesanmi,1998-07-13,,Forward,Centre-Forward,,
ImlachMike19620919,Imlach,Mike,Mike Imlach,1962-09-19,Defender,,,,
IronsKenny19701104,Irons,Kenny,Kenny Irons,1970-11-04,Midfielder,Midfielder,Attacking Midfield,,
JackAndrew19230630,Jack,Andrew,Andrew Jack,1923-06-30,Center Forward,,,,
JacksonArchie19010125,Jackson,Archie,Archie Jackson,1901-01-25,Center Half,,,,
JacksonDavid19370123,Jackson,David,David Jackson,1937-01-23,Inside Forward,,,,
JacksonGeorge18930617,Jackson,George,George Jackson,1893-06-17,Fullback,,,,
JacksonJimmy18960414,Jackson,Jimmy,Jimmy Jackson,1896-04-14,Inside Forward,,,,
JacksonMarlon19901206,Jackson,Marlon,Marlon Jackson,1990-12-06,,Forward,Centre-Forward,Left Winger,Right Winger
JacksonMike19731204,Jackson,Mike,Mike Jackson,1973-12-04,,Defender,Centre-Back,,
JacksonPeter19370123,Jackson,Peter,Peter Jackson,1937-01-23,Center Half,,Centre-Back,Defensive Midfield,
JacksonWiliam19241208,Jackson,Wiliam,Wiliam Jackson,1924-12-08,Half Back,,,,
JacksonWilliam,Jackson,William,William Jackson,,Fullback,,,,
JagoBen19960904,Jago,Ben,Ben Jago,1996-09-04,,Midfielder,Right Midfield,Right-Back,
JahraldoMartinCalaum19930427,Jahraldo-Martin,Calaum,Calaum Jahraldo-Martin,1993-04-27,,Forward,Right Winger,Left Winger,
JamesJohn19481024,James,John,John James,1948-10-24,Forward,,,,
JamesOliver19870113,James,Oliver,Oliver James,1987-01-13,,Midfielder,Central Midfield,Centre-Back,
JamesonKyle19980911,Jameson,Kyle,Kyle Jameson,1998-09-11,,Defender,Centre-Back,Left-Back,
JeffesAlbert18971001,Jeffes,Albert,Albert Jeffes,1897-10-01,Half Back,,,,
JenningsConnor19911029,Jennings,Connor,Connor Jennings,1991-10-29,,Forward,Centre-Forward,Left Winger,Right Winger
JenningsDale19921221,Jennings,Dale,Dale Jennings,1992-12-21,,Midfielder,Left Winger,Centre-Forward,Right Winger
JenningsSteven19841028,Jennings,Steven,Steven Jennings,1984-10-28,,Midfielder,Central Midfield,Defensive Midfield,
JervisJake19910917,Jervis,Jake,Jake Jervis,1991-09-17,,Forward,Centre-Forward,Right Winger,Left Winger
JobsonRichard19630509,Jobson,Richard,Richard Jobson,1963-05-09,,Defender,Centre-Back,,
JohnsonBrian19481029,Johnson,Brian,Brian Johnson,1948-10-29,Half Back,,,,
JohnsonDanny19930228,Johnson,Danny,Danny Johnson,1993-02-28,,Forward,Centre-Forward,,
JohnsonDavid19510417,Johnson,David,David Johnson,1951-04-17,Goalkeeper,,,,
JohnsonDickie19530220,Johnson,Dickie,Dickie Johnson,1953-02-20,Goalkeeper,,Goalkeeper,,
JohnsonJohn19880916,Johnson,John,John Johnson,1988-09-16,,Defender,Centre-Back,Right-Back,
JohnsonJohn41906,Johnson,John,John Johnson,,Half Back,,,,
JohnstonMichael19871216,Johnston,Michael,Michael Johnston,1987-12-16,,Defender,Centre-Back,Left-Back,Right-Back
JohnstoneRobert19180913,Johnstone,Robert,Robert Johnstone,1918-09-13,Fullback,,,,
JolleyCharlie19360303,Jolley,Charlie,Charlie Jolley,1936-03-03,Center Forward,,,,
JolleyCharlie20010113,Jolley,Charlie,Charlie Jolley,2001-01-13,,Forward,Centre-Forward,,
JonesAndrai19920101,Jones,Andrai,Andrai Jones,1992-01-01,,Defender,Attacking Midfield,Central Midfield,Right Midfield
JonesBen20001129,Jones,Ben,Ben Jones,2000-11-29,,Goalkeeper,Goalkeeper,,
JonesBenny19200323,Jones,Benny,Benny Jones,1920-03-23,Winger,,,,
JonesDerek19290424,Jones,Derek,Derek Jones,1929-04-24,Fullback,,,,
JonesEthan19980404,Jones,Ethan,Ethan Jones,1998-04-04,,Forward,Centre-Forward,,
JonesEthan20041016,Jones,Ethan,Ethan Jones,2004-10-16,,Defender,Central Midfield,Attacking Midfield,
JonesGary19750510,Jones,Gary,Gary Jones,1975-05-10,Center Forward,Midfielder,Central Midfield,Striker,Centre-Back
JonesGwyn19120221,Jones,Gwyn,Gwyn Jones,1912-02-21,Left Back,,,,
JonesLee19730529,Jones,Lee,Lee Jones,1973-05-29,Forward,Forward,Centre-Forward,Right Winger,
JonesLes19401109,Jones,Les,Les Jones,1940-11-09,Inside Right,,Second Striker,,
JonesMartin19750327,Jones,Martin,Martin Jones,1975-03-27,Goalkeeper,,,,
JonesMike19870815,Jones,Mike,Mike Jones,1987-08-15,,Midfielder,Central Midfield,Left Midfield,Right Midfield
JonesOssie19090115,Jones,Ossie,Ossie Jones,1909-01-15,Inside Right,,,,
JonesRobert1911,Jones,Robert,Robert Jones,,Left Back,,,,
JonesTommy19091206,Jones,Tommy,Tommy Jones,1909-12-06,Outside Right,,,,
JoyBrian19510226,Joy,Brian,Brian Joy,1951-02-26,Fullback,,,,
KaneOusmane20010723,Kané,Ousmane,Ousmane Kané,2001-07-23,,Midfielder,Defensive Midfield,Central Midfield,
KayAntony19821021,Kay,Antony,Antony Kay,1982-10-21,,Defender,Defensive Midfield,Centre-Back,Central Midfield
KayJosh19970130,Kay,Josh,Josh Kay,1997-01-30,,Midfielder,Left Midfield,Central Midfield,Right Midfield
KayMichael19890912,Kay,Michael,Michael Kay,1989-09-12,,Defender,Right-Back,Centre-Back,
KearneySidney19170328,Kearney,Sidney,Sidney Kearney,1917-03-28,Inside Left,,,,
KearnsJack19140104,Kearns,Jack,Jack Kearns,1914-01-04,Right Back,,,,
KellyCharles18940614,Kelly,Charles,Charles Kelly,1894-06-14,Inside Right,,,,
KellyDavid19651125,Kelly,David,David Kelly,1965-11-25,,Forward,Centre-Forward,,
KellyJohn19601020,Kelly,John,John Kelly,1960-10-20,Inside Forward,,,,
KellyNoel19211228,Kelly,Noel,Noel Kelly,1921-12-28,Inside Forward,,,,
KellyRobert19641221,Kelly,Robert,Robert Kelly,1964-12-21,Midfielder,,,,
KennaJeff19700827,Kenna,Jeff,Jeff Kenna,1970-08-27,,Defender,Right-Back,,
KennedyAndy18950901,Kennedy,Andy,Andy Kennedy,1895-09-01,Left Back,,,,
KennedyDavid19490214,Kennedy,David,David Kennedy,1949-02-14,Outside Right,,,,
KennedyJack,Kennedy,Jack,Jack Kennedy,,Inside Left,,,,
KennedyMatthew19941101,Kennedy,Matthew,Matthew Kennedy,1994-11-01,,Midfielder,Left Winger,Right Winger,Centre-Forward
KennedyPeter,Kennedy,Peter,Peter Kennedy,,,,Goalkeeper,,
KennyBilly19511023,Kenny,Billy,Billy Kenny,1951-10-23,Midfielder,,,,
KenworthyJon19740818,Kenworthy,Jon,Jon Kenworthy,1974-08-18,Outside Right,,,,
KerrJohn19591123,Kerr,John,John Kerr,1959-11-23,Center Forward,,Centre-Forward,,
KhanOtis19950905,Khan,Otis,Otis Khan,1995-09-05,,Midfielder,Left Winger,Right Midfield,Left Midfield
KhanSaidou19951205,Khan,Saidou,Saidou Khan,1995-12-05,,Midfielder,Central Midfield,Left Midfield,Attacking Midfield
KiddJackie19360115,Kidd,Jackie,Jackie Kidd,1936-01-15,Forward,,,,
KieranLen19260725,Kieran,Len,Len Kieran,1926-07-25,Left Half,,,,
KimberleyJohn21899,Kimberley,John,John Kimberley,,Center Forward,,,,
KingAlan19450118,King,Alan,Alan King,1945-01-18,Left Half,,Centre-Back,Defensive Midfield,
KingHerbert11911,King,Herbert,Herbert King,,Inside Forward,,,,
KingJohnny19380415,King,Johnny,Johnny King,1938-04-15,Wing Half,,Central Midfield,,
KinsellaPat19431108,Kinsella,Pat,Pat Kinsella,1943-11-08,Forward,,,,
KirbyJake19940509,Kirby,Jake,Jake Kirby,1994-05-09,,Midfielder,Right Midfield,Left Midfield,
KirbyNya20000131,Kirby,Nya,Nya Kirby,2000-01-31,,Midfielder,Central Midfield,Attacking Midfield,Left Midfield
KitchingHarry31905,Kitching,Harry,Harry Kitching,,Inside Forward,,,,
KnappTony19361013,Knapp,Tony,Tony Knapp,1936-10-13,Center Half,,,,
KnightPercivalNat19870331,Knight-Percival,Nat,Nat Knight-Percival,1987-03-31,,,Centre-Back,Left-Back,
KnightPercivalNathaniel19870331,Knight-Percival,Nathaniel,Nathaniel Knight-Percival,1987-03-31,,Defender,,,
KoumasJason19790925,Koumas,Jason,Jason Koumas,1979-09-25,,Midfielder,Attacking Midfield,Left Winger,Right Winger
KubickiDariusz19630606,Kubicki,Dariusz,Dariusz Kubicki,1963-06-06,,Defender,Right-Back,Left-Back,
LabadieJoss19900830,Labadie,Joss,Joss Labadie,1990-08-30,,Midfielder,Central Midfield,Defensive Midfield,Attacking Midfield
LaceyLuis20050109,Lacey,Luis,Luis Lacey,2005-01-09,,,Left-Back,Left Winger,Central Midfield
LairdMarc19860123,Laird,Marc,Marc Laird,1986-01-23,,Midfielder,Central Midfield,Defensive Midfield,Left Midfield
LambHarry19250603,Lamb,Harry,Harry Lamb,1925-06-03,Forward,,,,
LamontBill19261225,Lamont,Bill,Bill Lamont,1926-12-25,Fullback,,,,
LancasterDes19370716,Lancaster,Des,Des Lancaster,1937-07-16,Outside Left,,,,
LaneFrankie19480720,Lane,Frankie,Frankie Lane,1948-07-20,Goalkeeper,,,,
LawrenceTommy19400514,Lawrence,Tommy,Tommy Lawrence,1940-05-14,Goalkeeper,,Goalkeeper,,
LeCornuCraig19600917,Le Cornu,Craig,Craig Le Cornu,1960-09-17,Midfielder,,,,
LeakeJake20030220,Leake,Jake,Jake Leake,2003-02-20,,Defender,Left-Back,,
LearyRex41897,Leary,Rex,Rex Leary,,Center Half,,,,
LeeAndy19620914,Lee,Andy,Andy Lee,1962-09-14,Midfielder,,,,
LeemingCliff19200202,Leeming,Cliff,Cliff Leeming,1920-02-02,Inside Forward,,,,
LeonardMark19620927,Leonard,Mark,Mark Leonard,1962-09-27,Center Forward,,,,
LeslieAlex1902,Leslie,Alex,Alex Leslie,,Right Half,,,,
LewinsGeorge19060716,Lewins,George,George Lewins,1906-07-16,Right Back,,,,
LewisCyril19090410,Lewis,Cyril,Cyril Lewis,1909-04-10,Outside Right,,,,
LewisGinger11902,Lewis,Ginger,Ginger Lewis,,Left Half,,,,
LewisJoseph,Lewis,Joseph,Joseph Lewis,,Right Back,,,,
LewisNorman19080613,Lewis,Norman,Norman Lewis,1908-06-13,Goalkeeper,,Goalkeeper,,
LewisPaul19941217,Lewis,Paul,Paul Lewis,1994-12-17,,Midfielder,Central Midfield,Attacking Midfield,Right Midfield
LeylandHarry19300512,Leyland,Harry,Harry Leyland,1930-05-12,Goalkeeper,,Goalkeeper,,
LinwoodPaul19831024,Linwood,Paul,Paul Linwood,1983-10-24,,Defender,Centre-Back,,
LittlehalesHarry19010826,Littlehales,Harry,Harry Littlehales,1901-08-26,Inside Forward,,,,
LivingstoneDuggie18980225,Livingstone,Duggie,Duggie Livingstone,1898-02-25,Left Back,,,,
LloydDanny19911203,Lloyd,Danny,Danny Lloyd,1991-12-03,,Forward,Centre-Forward,Right Winger,Left Winger
LloydEvan,Lloyd,Evan,Evan Lloyd,,Center Forward,,,,
LloydHarold19200312,Lloyd,Harold,Harold Lloyd,1920-03-12,Goalkeeper,,,,
LoganShaleum19880129,Logan,Shaleum,Shaleum Logan,1988-01-29,,Defender,Right-Back,Right Midfield,Left-Back
LomaxArthur20040517,Lomax,Arthur,Arthur Lomax,2004-05-17,,Midfielder,Attacking Midfield,Right Midfield,Left Midfield
LomaxJohn,Lomax,John,John Lomax,,Inside Left,,,,
LongNick20010110,Long,Nick,Nick Long,2001-01-10,,,Centre-Back,,
LoranTyrone19810629,Loran,Tyrone,Tyrone Loran,1981-06-29,,Defender,Right-Back,Centre-Back,
LorensonRoy19320408,Lorenson,Roy,Roy Lorenson,1932-04-08,Center Half,,,,
LornieJack19390302,Lornie,Jack,Jack Lornie,1939-03-02,Outside Right,,,,
LoweRyan19780918,Lowe,Ryan,Ryan Lowe,1978-09-18,,Forward,Centre-Forward,Second Striker,Right Winger
LoydenEddie19451222,Loyden,Eddie,Eddie Loyden,1945-12-22,Center Forward,,Centre-Forward,,
LucyCallum19981109,Lucy,Callum,Callum Lucy,1998-11-09,,Midfielder,Central Midfield,Attacking Midfield,Defensive Midfield
LumbyJim19541002,Lumby,Jim,Jim Lumby,1954-10-02,Forward,,,,
MacDonaldCalum19971218,MacDonald,Calum,Calum MacDonald,1997-12-18,,Midfielder,Left-Back,,
MacDonaldJohn19210901,MacDonald,John,John MacDonald,1921-09-01,Fullback,,,,
MacDonaldWillie,MacDonald,Willie,Willie MacDonald,,Inside Right,,,,
MacNameeJohn19420731,MacNamee,John,John MacNamee,1942-07-31,Winger,,,,
MacauleyJosh19910302,Macauley,Josh,Josh Macauley,1991-03-02,,Forward,Centre-Forward,,
MackayWilliam,Mackay,William,William Mackay,,Outside Right,,,,
MackrethJack19920413,Mackreth,Jack,Jack Mackreth,1992-04-13,,Forward,Right Midfield,Central Midfield,
MaddocksEmlyn19170706,Maddocks,Emlyn,Emlyn Maddocks,1917-07-06,Center Forward,,,,
MaddoxJacob19981103,Maddox,Jacob,Jacob Maddox,1998-11-03,,Midfielder,Attacking Midfield,Right Midfield,Left Midfield
MadjoGuy19840601,Madjo,Guy,Guy Madjo,1984-06-01,,Forward,Centre-Forward,,
MaguireJoe19960118,Maguire,Joe,Joe Maguire,1996-01-18,,Defender,Left-Back,Centre-Back,Right-Back
MaherAiden19461201,Maher,Aiden,Aiden Maher,1946-12-01,Outside Left,,,,
MaherBen19950928,Maher,Ben,Ben Maher,1995-09-28,,Midfielder,Central Midfield,Centre-Forward,Right-Back
MaherCyril21918,Maher,Cyril,Cyril Maher,,Outside Right,,,,
MahonAlan19780404,Mahon,Alan,Alan Mahon,1978-04-04,Midfielder,Midfielder,Left Midfield,Attacking Midfield,
MajorBill19110114,Major,Bill,Bill Major,1911-01-14,Center Half,,,,
MalcolmJohn19170520,Malcolm,John,John Malcolm,1917-05-20,Half Back,,,,
MalkinChris19670604,Malkin,Chris,Chris Malkin,1967-06-04,Striker,,Centre-Forward,,
ManganAndy19860830,Mangan,Andy,Andy Mangan,1986-08-30,,Forward,Centre-Forward,Right Winger,Left Winger
ManningJohn19401211,Manning,John,John Manning,1940-12-11,Center Forward,,,,
MantomSam19920220,Mantom,Sam,Sam Mantom,1992-02-20,,Midfielder,Central Midfield,Defensive Midfield,
MargettsJohnny19930928,Margetts,Johnny,Johnny Margetts,1993-09-28,,Forward,Centre-Forward,Second Striker,
MarquisFred18990615,Marquis,Fred,Fred Marquis,1899-06-15,Center Forward,,,,
MartinBarrie19350929,Martin,Barrie,Barrie Martin,1935-09-29,Left Back,,Left-Back,,
MartinDavid19860122,Martin,David,David Martin,1986-01-22,,Goalkeeper,Goalkeeper,,
MartindaleDave19640409,Martindale,Dave,Dave Martindale,1964-04-09,Midfielder,,Central Midfield,Defensive Midfield,
MathiasRay19461213,Mathias,Ray,Ray Mathias,1946-12-13,Fullback,,Right-Back,,
MatiasPedroMiguel19731011,Matias,Pedro Miguel,Pedro Miguel Matias,1973-10-11,,Midfielder,Left Winger,,
MatthewsVince18960115,Matthews,Vince,Vince Matthews,1896-01-15,Center Half,,,,
MaynardLois19890122,Maynard,Lois,Lois Maynard,1989-01-22,,Defender,Defensive Midfield,Central Midfield,Centre-Back
MaynardNicky19861211,Maynard,Nicky,Nicky Maynard,1986-12-11,,Forward,Centre-Forward,Left Winger,Right Winger
MayorDanny19901018,Mayor,Danny,Danny Mayor,1990-10-18,,Midfielder,Central Midfield,Left Midfield,Attacking Midfield
MaysonJohn19081024,Mayson,John,John Mayson,1908-10-24,Outside Left,,,,
McAlearReece20020212,McAlear,Reece,Reece McAlear,2002-02-12,,Midfielder,Central Midfield,Defensive Midfield,
McAteerJason19710618,McAteer,Jason,Jason McAteer,1971-06-18,,Midfielder,Right Midfield,Right-Back,Central Midfield
McAuleyHughie19530108,McAuley,Hughie,Hughie McAuley,1953-01-08,Outside Left,,Left Winger,,
McBennettSeamus19251116,McBennett,Seamus,Seamus McBennett,1925-11-16,Outside Right,,,,
McBurneyMike19530912,McBurney,Mike,Mike McBurney,1953-09-12,Forward,,,,
McCarrickMark19620204,McCarrick,Mark,Mark McCarrick,1962-02-04,Left Back,,Left-Back,,
McChrystalMark19840626,McChrystal,Mark,Mark McChrystal,1984-06-26,,Defender,Centre-Back,,
McCreadyChris19810905,McCready,Chris,Chris McCready,1981-09-05,,Defender,Centre-Back,Left-Back,Right-Back
McCulloughLuke19940215,McCullough,Luke,Luke McCullough,1994-02-15,,Defender,Centre-Back,Defensive Midfield,Right-Back
McDevittKenny19290304,McDevitt,Kenny,Kenny McDevitt,1929-03-04,Outside Right,,,,
McDonaghGerry19980214,McDonagh,Gerry,Gerry McDonagh,1998-02-14,,Forward,Centre-Forward,,
McDonaldClayton19881206,McDonald,Clayton,Clayton McDonald,1988-12-06,,Defender,Centre-Back,,
McDonnellCharlie19360715,McDonnell,Charlie,Charlie McDonnell,1936-07-15,Inside Forward,,,,
McEveleyJames19850211,McEveley,James,James McEveley,1985-02-11,,Defender,Centre-Back,Left-Back,
McFarlandRoy19480405,McFarland,Roy,Roy McFarland,1948-04-05,Center Half,,,,
McGaheyHarrison19950926,McGahey,Harrison,Harrison McGahey,1995-09-26,,Defender,Centre-Back,Right-Back,
McGeeLuke19950902,McGee,Luke,Luke McGee,1995-09-02,,Goalkeeper,Goalkeeper,,
McGibbonPat19730906,McGibbon,Pat,Pat McGibbon,1973-09-06,,Defender,Centre-Back,,
McGintySean19930811,McGinty,Sean,Sean McGinty,1993-08-11,,Defender,Centre-Back,Left-Back,
McGraeJoe19031024,McGrae,Joe,Joe McGrae,1903-10-24,Left Half,,,,
McGrealJohn19720602,McGreal,John,John McGreal,1972-06-02,Central Defender,Defender,Centre-Back,,
McGuganJackie19390612,McGugan,Jackie,Jackie McGugan,1939-06-12,Center Half,,,,
McGuireJamie19831113,McGuire,Jamie,Jamie McGuire,1983-11-13,,Midfielder,Central Midfield,Defensive Midfield,
McGuireReg19590824,McGuire,Reg,Reg McGuire,1959-08-24,Defender,,,,
McGurkAdam19890124,McGurk,Adam,Adam McGurk,1989-01-24,,Forward,Centre-Forward,Left Winger,Right Winger
McIntyreKevin19771223,McIntyre,Kevin,Kevin McIntyre,1977-12-23,,Defender,Left-Back,Central Midfield,
McKayJames19180611,McKay,James,James McKay,1918-06-11,Center Forward,,,,
McKennaKenny19600702,McKenna,Kenny,Kenny McKenna,1960-07-02,Center Forward,,,,
McLarenHugh19010113,McLaren,Hugh,Hugh McLaren,1901-01-13,Right Half,,,,
McLarenPaul19761117,McLaren,Paul,Paul McLaren,1976-11-17,,Midfielder,Central Midfield,,
McLellanAlistair19220416,McLellan,Alistair,Alistair McLellan,1922-04-16,Inside Forward,,,,
McMahonJohn19491207,McMahon,John,John McMahon,1949-12-07,Fullback,,,,
McManamanCallum19910425,McManaman,Callum,Callum McManaman,1991-04-25,,Midfielder,Right Winger,Left Winger,Second Striker
McManusEric19501114,McManus,Eric,Eric McManus,1950-11-14,Goalkeeper,,,,
McMullenIan19651117,McMullen,Ian,Ian McMullen,1965-11-17,Forward,,,,
McMurrayTom19110724,McMurray,Tom,Tom McMurray,1911-07-24,Outside Right,,,,
McNabNeil19570604,McNab,Neil,Neil McNab,1957-06-04,Midfielder,,Right Midfield,Central Midfield,Left Midfield
McNamaraDennis19350308,McNamara,Dennis,Dennis McNamara,1935-03-08,Outside Right,,,,
McNultyJim19850213,McNulty,Jim,Jim McNulty,1985-02-13,,Defender,Centre-Back,Left-Back,
McNultySteve19830926,McNulty,Steve,Steve McNulty,1983-09-26,,Defender,Centre-Back,,
McPakeJosh20010831,McPake,Josh,Josh McPake,2001-08-31,,Forward,Right Midfield,Right Winger,Left Winger
McVicarDon19621106,McVicar,Don,Don McVicar,1962-11-06,Defender,,,,
McWeeneyShane19891014,McWeeney,Shane,Shane McWeeney,1989-10-14,,Goalkeeper,Goalkeeper,,
MeacockBob19100726,Meacock,Bob,Bob Meacock,1910-07-26,Right Half,,,,
MekkiAdam19911224,Mekki,Adam,Adam Mekki,1991-12-24,,Midfielder,Left Midfield,Right Midfield,Attacking Midfield
MellonMicky19720318,Mellon,Micky,Micky Mellon,1972-03-18,,Midfielder,Central Midfield,Left Midfield,
MendyArnaud19900210,Mendy,Arnaud,Arnaud Mendy,1990-02-10,,Midfielder,Central Midfield,Centre-Back,Right Midfield
MercerJoe18900721,Mercer,Joe,Joe Mercer,1890-07-21,Center Half,,,,
MerrieChris19981102,Merrie,Chris,Chris Merrie,1998-11-02,,Midfielder,Central Midfield,Defensive Midfield,
MestonSammy19020530,Meston,Sammy,Sammy Meston,1902-05-30,Outside Right,,,,
MillerAlforth19140927,Miller,Alforth,Alforth Miller,1914-09-27,Inside Right,,,,
MillerDave19640108,Miller,Dave,Dave Miller,1964-01-08,Midfielder,,,,
MillerIshmael19870305,Miller,Ishmael,Ishmael Miller,1987-03-05,,Forward,Centre-Forward,,
MillerWilliam19100719,Miller,William,William Miller,1910-07-19,Inside Right,,,,
MillingtonRalph19300618,Millington,Ralph,Ralph Millington,1930-06-18,Center Half,,,,
MilnerJimmy19330203,Milner,Jimmy,Jimmy Milner,1933-02-03,Forward,,,,
MilnesCharles21885,Milnes,Charles,Charles Milnes,,Center Half,,,,
MiottoSimon19690905,Miotto,Simon,Simon Miotto,1969-09-05,,Goalkeeper,Goalkeeper,,
MitchellBarrie19470315,Mitchell,Barrie,Barrie Mitchell,1947-03-15,Forward,,,,
MitchellFrank18900525,Mitchell,Frank,Frank Mitchell,1890-05-25,Goalkeeper,,,,
MolyneuxBernard19330917,Molyneux,Bernard,Bernard Molyneux,1933-09-17,Fullback,,,,
MolyneuxFred19440725,Molyneux,Fred,Fred Molyneux,1944-07-25,Center Half,,Centre-Back,,
MolyneuxLee19890224,Molyneux,Lee,Lee Molyneux,1989-02-24,,Midfielder,Left Midfield,Left-Back,Central Midfield
MontheEmmanuel19950126,Monthe,Emmanuel,Emmanuel Monthe,1995-01-26,,Defender,Centre-Back,Left-Back,
MooneyJason19890226,Mooney,Jason,Jason Mooney,1989-02-26,,Goalkeeper,Goalkeeper,,
MooneyKevin19590823,Mooney,Kevin,Kevin Mooney,1959-08-23,Defender,,Centre-Back,,
MoorcroftDave19470316,Moorcroft,Dave,Dave Moorcroft,1947-03-16,Wing Half,,,,
MooreEric19260716,Moore,Eric,Eric Moore,1926-07-16,Left Back,,,,
MooreMalcolm19481218,Moore,Malcolm,Malcolm Moore,1948-12-18,Center Forward,,Centre-Forward,,
MoorePatrick1909,Moore,Patrick,Patrick Moore,,Center Half,,,,
MooreRonnie19530129,Moore,Ronnie,Ronnie Moore,1953-01-29,Center Forward,,Centre-Forward,,
MoorhouseGeorge19010404,Moorhouse,George,George Moorhouse,1901-04-04,Outside Left,,,,
MoranAndy19791007,Moran,Andy,Andy Moran,1979-10-07,,,Centre-Forward,,
MoretonJimmy18910922,Moreton,Jimmy,Jimmy Moreton,1891-09-22,Outside Right,,,,
MorganAlan19731102,Morgan,Alan,Alan Morgan,1973-11-02,Midfielder,Defender,Central Midfield,,
MorleyBrian19601004,Morley,Brian,Brian Morley,1960-10-04,Defender,,,,
MorrisCallum19920901,Morris,Callum,Callum Morris,1992-09-01,,Midfielder,Central Midfield,Right Midfield,Attacking Midfield
MorrisKieron19940603,Morris,Kieron,Kieron Morris,1994-06-03,,Midfielder,Right Midfield,Left Winger,Attacking Midfield
MorrisseyJohnny19650308,Morrissey,Johnny,Johnny Morrissey,1965-03-08,Outside Right,Forward,Right Winger,Left Winger,
MorrowSam19850303,Morrow,Sam,Sam Morrow,1985-03-03,,Forward,Centre-Forward,,
MottleyHenryDylan19970802,Mottley-Henry,Dylan,Dylan Mottley-Henry,1997-08-02,,Midfielder,Right Midfield,Left Midfield,Attacking Midfield
MountfieldDerek19621102,Mountfield,Derek,Derek Mountfield,1962-11-02,Center Half,,,,
MuirIan19630505,Muir,Ian,Ian Muir,1963-05-05,Striker,,Second Striker,Attacking Midfield,
MulkerrinJimmy19311225,Mulkerrin,Jimmy,Jimmy Mulkerrin,1931-12-25,Inside Forward,,,,
MullinJohn19750811,Mullin,John,John Mullin,1975-08-11,,Midfielder,Right Winger,,
MullinPaul19941106,Mullin,Paul,Paul Mullin,1994-11-06,,Forward,Centre-Forward,Second Striker,Right Winger
MumbongoJoel19990109,Mumbongo,Joel,Joel Mumbongo,1999-01-09,,Forward,Centre-Forward,,
MungallSteve19580522,Mungall,Steve,Steve Mungall,1958-05-22,Fullback,Defender,Right-Back,Centre-Back,
MurphyBill18950323,Murphy,Bill,Bill Murphy,1895-03-23,Outside Left,,,,
MurphyJoe19810821,Murphy,Joe,Joe Murphy,1981-08-21,,Goalkeeper,Goalkeeper,,
MurrayEddie19620710,Murray,Eddie,Eddie Murray,1962-07-10,Outside Right,,,,
MurrayMatt19810502,Murray,Matt,Matt Murray,1981-05-02,,Goalkeeper,Goalkeeper,,
MurrayTommy19330114,Murray,Tommy,Tommy Murray,1933-01-14,Outside Right,,,,
MusuambaHarrison20020520,Musuamba,Harrison,Harrison Musuamba,2002-05-20,,Defender,,,
MycockTom19230822,Mycock,Tom,Tom Mycock,1923-08-22,Inside Forward,,,,
MyhreThomas19731016,Myhre,Thomas,Thomas Myhre,1973-10-16,,Goalkeeper,Goalkeeper,,
MyrieWilliamsJennison19880517,Myrie-Williams,Jennison,Jennison Myrie-Williams,1988-05-17,,Midfielder,Right Winger,Left Winger,
NDiayeSeyni19730601,N'Diaye,Seyni,Seyni N'Diaye,1973-06-01,,Forward,Center-Forward,,
NavarroAlan19810531,Navarro,Alan,Alan Navarro,1981-05-31,,Midfielder,Defensive Midfield,Central Midfield,Left Midfield
NaylorTommy,Naylor,Tommy,Tommy Naylor,,Fullback,,,,
NeillTommy19301003,Neill,Tommy,Tommy Neill,1930-10-03,Wing Half,,Central Midfield,,
NelsonSid19960101,Nelson,Sid,Sid Nelson,1996-01-01,,Defender,Centre-Back,Right-Back,
NevinPat19630906,Nevin,Pat,Pat Nevin,1963-09-06,Winger,Forward,Right Winger,Left Winger,Centre-Forward
NevittElliott19961030,Nevitt,Elliott,Elliott Nevitt,1996-10-30,,Forward,Centre-Forward,,
NewtonPercy,Newton,Percy,Percy Newton,,Center Half,,,,
NicholsonShane19700603,Nicholson,Shane,Shane Nicholson,1970-06-03,,Defender,Left-Back,,
NielsenGunnar19861007,Nielsen,Gunnar,Gunnar Nielsen,1986-10-07,,Goalkeeper,Goalkeeper,,
NightingaleDavid19270815,Nightingale,David,David Nightingale,1927-08-15,Right Back,,,,
NivenJames18970908,Niven,James,James Niven,1897-09-08,Left Back,,,,
NixonEric19621004,Nixon,Eric,Eric Nixon,1962-10-04,Goalkeeper,Goalkeeper,Goalkeeper,,
NolanIan19700709,Nolan,Ian,Ian Nolan,1970-07-09,Fullback,,Right-Back,Left-Back,Centre-Back
NolanJon19920422,Nolan,Jon,Jon Nolan,1992-04-22,,Midfielder,Central Midfield,Attacking Midfield,Defensive Midfield
NorburnOliver19921026,Norburn,Oliver,Oliver Norburn,1992-10-26,,Midfielder,Central Midfield,Defensive Midfield,
NormanCameron19951012,Norman,Cameron,Cameron Norman,1995-10-12,,Defender,Right-Back,Centre-Back,Left-Back
NorrisJames20030404,Norris,James,James Norris,2003-04-04,,Defender,Left-Back,Left Midfield,Central Midfield
NorrisLuke19930603,Norris,Luke,Luke Norris,1993-06-03,,Forward,Centre-Forward,,
NorwoodJames19900905,Norwood,James,James Norwood,1990-09-05,,Forward,,,
NorwoodJames19901024,Norwood,James,James Norwood,1990-10-24,,,Centre-Forward,Right Winger,Left Winger
NugentDavid19850502,Nugent,David,David Nugent,1985-05-02,,Forward,Centre-Forward,,
NugentGeorge20011204,Nugent,George,George Nugent,2001-12-04,,Midfielder,Central Midfield,Right-Back,Right Midfield
OBrienLiam19640905,O'Brien,Liam,Liam O'Brien,1964-09-05,Midfielder,Midfielder,Defensive Midfield,Central Midfield,
OCallaghanGeorge19790905,O'Callaghan,George,George O'Callaghan,1979-09-05,,Midfielder,Attacking Midfield,,
OConnorJohn1903,O'Connor,John,John O'Connor,,Outside Right,,,,
OConnorLee20000728,O'Connor,Lee,Lee O'Connor,2000-07-28,,Midfielder,Right-Back,Defensive Midfield,Centre-Back
OHalloranMichael19910106,O'Halloran,Michael,Michael O'Halloran,1991-01-06,,Forward,Right Winger,Left Winger,Centre-Forward
OLearyStephen19870202,O'Leary,Stephen,Stephen O'Leary,1987-02-02,,Midfielder,Central Midfield,,
ONeilTommy19521025,O'Neil,Tommy,Tommy O'Neil,1952-10-25,Midfielder,,Right-Back,,
ONeillLuke19910820,O'Neill,Luke,Luke O'Neill,1991-08-20,,Defender,Right-Back,Centre-Back,
ORourkeBilly19600402,O'Rourke,Billy,Billy O'Rourke,1960-04-02,Goalkeeper,,,,
ObreyAlf19120603,Obrey,Alf,Alf Obrey,1912-06-03,Center Half,,,,
OdejayiKayode19820221,Odejayi,Kayode,Kayode Odejayi,1982-02-21,,Forward,Centre-Forward,,
OliverGavin19620906,Oliver,Gavin,Gavin Oliver,1962-09-06,Defender,,,,
OlsenJames19811023,Olsen,James,James Olsen,1981-10-23,,Defender,Left-Back,Left Midfield,
OmotolaTolani19980416,Omotola,Tolani,Tolani Omotola,1998-04-16,,Forward,Centre-Forward,,
OnuoraIffy19670728,Onuora,Iffy,Iffy Onuora,1967-07-28,,Forward,Centre-Forward,,
OnyealiElkanah19390607,Onyeali,Elkanah,Elkanah Onyeali,1939-06-07,Forward,,,,
OsbornSimon19720119,Osborn,Simon,Simon Osborn,1972-01-19,,Midfielder,Central Midfield,,
OsborneElliot19960512,Osborne,Elliot,Elliot Osborne,1996-05-12,,Midfielder,Central Midfield,,
OtsemoborJon19830323,Otsemobor,Jon,Jon Otsemobor,1983-03-23,,Defender,Right-Back,Centre-Back,
OwenArthur1911,Owen,Arthur,Arthur Owen,,Left Back,,,,
OwenBilly19140630,Owen,Billy,Billy Owen,1914-06-30,Center Forward,,,,
OxtobyDick19390905,Oxtoby,Dick,Dick Oxtoby,1939-09-05,Half Back,,,,
PalethorpePhil19860917,Palethorpe,Phil,Phil Palethorpe,1986-09-17,,,Goalkeeper,,
PalethorpePhilip19860917,Palethorpe,Philip,Philip Palethorpe,1986-09-17,,Goalkeeper,,,
PaliosMark19521109,Palios,Mark,Mark Palios,1952-11-09,Midfielder,,,,
PalmerLiam19910919,Palmer,Liam,Liam Palmer,1991-09-19,,Defender,Right-Back,Centre-Back,Defensive Midfield
ParkinsonAndy19790527,Parkinson,Andy,Andy Parkinson,1979-05-27,,Midfielder,Right Winger,Attacking Midfield,
ParnellFrank19351104,Parnell,Frank,Frank Parnell,1935-11-04,Center Forward,,,,
ParnellRoy19431008,Parnell,Roy,Roy Parnell,1943-10-08,Right Back,,,,
ParryDave19480211,Parry,Dave,Dave Parry,1948-02-11,Outside Left,,,,
ParryLes19531113,Parry,Les,Les Parry,1953-11-13,Central Defender,,Centre-Back,,
PassantBailey20001129,Passant,Bailey,Bailey Passant,2000-11-29,,Goalkeeper,,,
PassantBayleigh20001129,Passant,Bayleigh,Bayleigh Passant,2000-11-29,,,Goalkeeper,,
PatrickOmari19960524,Patrick,Omari,Omari Patrick,1996-05-24,,Midfielder,Left Winger,Centre-Forward,Right Winger
PayneAlbert19231111,Payne,Albert,Albert Payne,1923-11-11,Wing Half,,,,
PayneGeorge19210822,Payne,George,George Payne,1921-08-22,Goalkeeper,,,,
PayneStefan19910810,Payne,Stefan,Stefan Payne,1991-08-10,,Forward,Centre-Forward,Right Winger,Left Winger
PearsonTich41910,Pearson,Tich,Tich Pearson,,Outside Right,,,,
PenningtonJames21915,Pennington,James,James Pennington,,Inside Left,,,,
PenningtonMatthew19941006,Pennington,Matthew,Matthew Pennington,1994-10-06,,Defender,Centre-Back,Right-Back,
PeplowSteve19490108,Peplow,Steve,Steve Peplow,1949-01-08,Outside Right,,Right Midfield,,
PerfectFrank19150309,Perfect,Frank,Frank Perfect,1915-03-09,Right Back,,,,
PerkinsDavid19820621,Perkins,David,David Perkins,1982-06-21,,Midfielder,Central Midfield,Defensive Midfield,Left Midfield
PetersonKristoffer19941128,Peterson,Kristoffer,Kristoffer Peterson,1994-11-28,,Midfielder,Left Winger,Right Winger,Centre-Forward
PhillipsErnest1897,Phillips,Ernest,Ernest Phillips,,Left Half,,,,
PhilpottsDave19540331,Philpotts,Dave,Dave Philpotts,1954-03-31,Center Half,,,,
PhilpottsJohn,Philpotts,John,John Philpotts,,Outside Right,,,,
PikeDan20020109,Pike,Dan,Dan Pike,2002-01-09,,Defender,Right-Back,Left-Back,
PikeMartin19641021,Pike,Martin,Martin Pike,1964-10-21,Left Back,,Left-Back,Right-Back,Left Midfield
PillingLuke19970725,Pilling,Luke,Luke Pilling,1997-07-25,,Goalkeeper,Goalkeeper,,
PlattDick,Platt,Dick,Dick Platt,,Right Back,,,,
PlattJohn19540822,Platt,John,John Platt,1954-08-22,Goalkeeper,,,,
PointonRay19471106,Pointon,Ray,Ray Pointon,1947-11-06,Fullback,,,,
PollardJames19200604,Pollard,James,James Pollard,1920-06-04,Outside Left,,,,
PonticelliJordan19980910,Ponticelli,Jordan,Jordan Ponticelli,1998-09-10,,Forward,Centre-Forward,,
PoskettThomas19091226,Poskett,Thomas,Thomas Poskett,1909-12-26,Goalkeeper,,,,
PostlewhiteDennis19571013,Postlewhite,Dennis,Dennis Postlewhite,1957-10-13,Defender,,Centre-Back,,
PotterDarren19841221,Potter,Darren,Darren Potter,1984-12-21,,Midfielder,Central Midfield,Defensive Midfield,
PowellNeville19630902,Powell,Neville,Neville Powell,1963-09-02,Midfielder,,Right Midfield,,
PowerMax19930727,Power,Max,Max Power,1993-07-27,,Midfielder,Central Midfield,Defensive Midfield,Right-Back
PrenticeJohn18981019,Prentice,John,John Prentice,1898-10-19,Outside Left,,,,
PrescottFrank19220812,Prescott,Frank,Frank Prescott,1922-08-12,Center Forward,,,,
PriceJason19770412,Price,Jason,Jason Price,1977-04-12,,Forward,Centre-Forward,Right Winger,
PriceKen19390325,Price,Ken,Ken Price,1939-03-25,Center Forward,,,,
PriceWalter19210214,Price,Walter,Walter Price,1921-02-14,Center Half,,,,
PringleBen19890725,Pringle,Ben,Ben Pringle,1989-07-25,,Midfielder,Left Midfield,Right Midfield,Central Midfield
PritchardJoe19430904,Pritchard,Joe,Joe Pritchard,1943-09-04,Midfielder,,Central Midfield,,
PritchardRay19540623,Pritchard,Ray,Ray Pritchard,1954-06-23,Fullback,,,,
ProctorMark19610130,Proctor,Mark,Mark Proctor,1961-01-30,Midfielder,,,,
ProctorNorman18960511,Proctor,Norman,Norman Proctor,1896-05-11,Inside Left,,,,
ProsserNeil19570308,Prosser,Neil,Neil Prosser,1957-03-08,Forward,,,,
ProudlockAdam19810509,Proudlock,Adam,Adam Proudlock,1981-05-09,,Forward,Centre-Forward,,
RachubkaPaul19810521,Rachubka,Paul,Paul Rachubka,1981-05-21,,Goalkeeper,Goalkeeper,,
RainfordBilly18920226,Rainford,Billy,Billy Rainford,1892-02-26,Inside Left,,,,
RalphAndrew19830528,Ralph,Andrew,Andrew Ralph,1983-05-28,,Goalkeeper,Goalkeeper,,
RalphAndy19830528,Ralph,Andy,Andy Ralph,1983-05-28,,,Goalkeeper,,
RamsbottomSam19960403,Ramsbottom,Sam,Sam Ramsbottom,1996-04-03,,Goalkeeper,Goalkeeper,,
RankineMark19690930,Rankine,Mark,Mark Rankine,1969-09-30,,Midfielder,Central Midfield,,
RatcliffeArchie18930130,Ratcliffe,Archie,Archie Ratcliffe,1893-01-30,Center Forward,,,,
RavenDavid19850310,Raven,David,David Raven,1985-03-10,,Defender,Right-Back,Centre-Back,
RayGeorge19931013,Ray,George,George Ray,1993-10-13,,Defender,Centre-Back,,
ReesPeter19320505,Rees,Peter,Peter Rees,1932-05-05,Outside Left,,,,
RiceRon19230413,Rice,Ron,Ron Rice,1923-04-13,Inside Left,,,,
RichardsEliot19910910,Richards,Eliot,Eliot Richards,1991-09-10,,Forward,Attacking Midfield,Central Midfield,Centre-Forward
RichardsErnest,Richards,Ernest,Ernest Richards,,Center Half,,,,
RichardsPercy1907,Richards,Percy,Percy Richards,,Outside Left,,,,
RickettsMichael19781204,Ricketts,Michael,Michael Ricketts,1978-12-04,,Forward,Centre-Forward,,
RiddingBill19110404,Ridding,Bill,Bill Ridding,1911-04-04,Center Forward,,,,
RidehalghLiam19910420,Ridehalgh,Liam,Liam Ridehalgh,1991-04-20,,Defender,Left-Back,Centre-Back,
RideoutPaul19640814,Rideout,Paul,Paul Rideout,1964-08-14,,Forward,Centre-Forward,,
RidgwayJohn,Ridgway,John,John Ridgway,,Left Back,,,,
RileyAlan,Riley,Alan,Alan Riley,,Goalkeeper,,,,
RileyMartin19861205,Riley,Martin,Martin Riley,1986-12-05,,Defender,Centre-Back,,
RimmerEllis19070102,Rimmer,Ellis,Ellis Rimmer,1907-01-02,Outside Left,,,,
RobertsBilly19040109,Roberts,Billy,Billy Roberts,1904-01-09,Inside Right,,,,
RobertsEddie19471116,Roberts,Eddie,Eddie Roberts,1947-11-16,Goalkeeper,,,,
RobertsGareth19780206,Roberts,Gareth,Gareth Roberts,1978-02-06,,Defender,Left-Back,,
RobertsGerald21908,Roberts,Gerald,Gerald Roberts,,Left Back,,,,
RobertsJames18910107,Roberts,James,James Roberts,1891-01-07,Outside Left,,,,
RobertsRonnie19420914,Roberts,Ronnie,Ronnie Roberts,1942-09-14,Outside Left,,,,
RobertsonTeddie19351219,Robertson,Teddie,Teddie Robertson,1935-12-19,Fullback,,,,
RobertsonWilliam,Robertson,William,William Robertson,,Center Forward,,,,
RobinsonAlfred18980130,Robinson,Alfred,Alfred Robinson,1898-01-30,Inside Right,,,,
RobinsonAndy19791103,Robinson,Andy,Andy Robinson,1979-11-03,,Midfielder,Left Midfield,Right Midfield,Central Midfield
RobinsonJames18980108,Robinson,James,James Robinson,1898-01-08,Outside Left,,,,
RobinsonLiam19651229,Robinson,Liam,Liam Robinson,1965-12-29,Striker,,,,
RobinsonLuke20011120,Robinson,Luke,Luke Robinson,2001-11-20,,Defender,Left-Back,,
RobinsonMarvin19800411,Robinson,Marvin,Marvin Robinson,1980-04-11,,Forward,Centre-Forward,,
RobsonConor20030921,Robson,Conor,Conor Robson,2003-09-21,,Goalkeeper,Goalkeeper,,
RodawayBilly19540926,Rodaway,Billy,Billy Rodaway,1954-09-26,Midfielder,,Centre-Back,,
RogersAlan19770103,Rogers,Alan,Alan Rogers,1977-01-03,Left Back,Defender,Left-Back,Left Midfield,Left Winger
RokkaElliot19960316,Rokka,Elliot,Elliot Rokka,1996-03-16,,Midfielder,Centre-Forward,Right Winger,Left Winger
RoperWilliam21914,Roper,William,William Roper,,Goalkeeper,,,,
RosenthalAbe19211012,Rosenthal,Abe,Abe Rosenthal,1921-10-12,Inside Forward,,,,
RothwellPeter21898,Rothwell,Peter,Peter Rothwell,,Inside Forward,,,,
RoweGraham19450828,Rowe,Graham,Graham Rowe,1945-08-28,Wing Half,,,,
RoweJames19911021,Rowe,James,James Rowe,1991-10-21,,Midfielder,Central Midfield,Right Midfield,Left Midfield
RowlandJohn19410407,Rowland,John,John Rowland,1941-04-07,Winger,,,,
RowlesReginald,Rowles,Reginald,Reginald Rowles,,Right Back,,,,
RowleyTony19290919,Rowley,Tony,Tony Rowley,1929-09-19,Center Forward,,,,
RoyJack19140323,Roy,Jack,Jack Roy,1914-03-23,Outside Left,,,,
RussellAlex19440221,Russell,Alex,Alex Russell,1944-02-21,Midfielder,,,,
RussellCraig19740204,Russell,Craig,Craig Russell,1974-02-04,,Forward,Centre-Forward,,
RutterEdward18980702,Rutter,Edward,Edward Rutter,1898-07-02,Left Half,,,,
SalmonLen19120624,Salmon,Len,Len Salmon,1912-06-24,Wing Half,,,,
SantosGeorges19700815,Santos,Georges,Georges Santos,1970-08-15,,Defender,Centre-Back,,
SaundersHarvey19970720,Saunders,Harvey,Harvey Saunders,1997-07-20,,Forward,Centre-Forward,,
SavageBas19820107,Savage,Bas,Bas Savage,1982-01-07,,Forward,Centre-Forward,Right Winger,
SayerStan18950202,Sayer,Stan,Stan Sayer,1895-02-02,Center Forward,,,,
ScottGeorge19441025,Scott,George,George Scott,1944-10-25,Inside Forward,,,,
SeasmanJohn19550221,Seasman,John,John Seasman,1955-02-21,Midfielder,,,,
SeddonBen19520205,Seddon,Ben,Ben Seddon,1952-02-05,Center Half,,,,
SeremetDino19800816,Seremet,Dino,Dino Seremet,1980-08-16,,Goalkeeper,Goalkeeper,,
SewellGeorge18980603,Sewell,George,George Sewell,1898-06-03,Center Half,,,,
SharkeyBernard18940325,Sharkey,Bernard,Bernard Sharkey,1894-03-25,Inside Right,,,,
SharpAlex19101112,Sharp,Alex,Alex Sharp,1910-11-12,Center Half,,,,
SharpsIan19801023,Sharps,Ian,Ian Sharps,1980-10-23,,Defender,Centre-Back,,
ShawHugh19290429,Shaw,Hugh,Hugh Shaw,1929-04-29,Wing Half,,,,
ShearsBert19000512,Shears,Bert,Bert Shears,1900-05-12,Right Half,,,,
ShepherdPaul19771117,Shepherd,Paul,Paul Shepherd,1977-11-17,,Forward,Centre-Forward,,
SherlockHarold19090202,Sherlock,Harold,Harold Sherlock,1909-02-02,Goalkeeper,,,,
ShoneGeorge19220215,Shone,George,George Shone,1922-02-15,Center Forward,,,,
ShottonRyan19881030,Shotton,Ryan,Ryan Shotton,1988-10-30,,Defender,Centre-Back,Right-Back,
ShowunmiEnoch19820421,Showunmi,Enoch,Enoch Showunmi,1982-04-21,,Forward,Centre-Forward,,
ShukerChris19820509,Shuker,Chris,Chris Shuker,1982-05-09,,Midfielder,Right Midfield,Left Midfield,
SiddallBarry19540912,Siddall,Barry,Barry Siddall,1954-09-12,Goalkeeper,,,,
SidibeMamady19791218,Sidibe,Mamady,Mamady Sidibe,1979-12-18,,Forward,Centre-Forward,,
SilleLes19280412,Sille,Les,Les Sille,1928-04-12,Outside Left,,,,
SimeuDynel20020313,Simeu,Dynel,Dynel Simeu,2002-03-13,,Defender,Centre-Back,Right-Back,
SimonsenSteve19790403,Simonsen,Steve,Steve Simonsen,1979-04-03,,Goalkeeper,Goalkeeper,,
SinclairNick19600103,Sinclair,Nick,Nick Sinclair,1960-01-03,Fullback,,,,
SinclairRoy19441210,Sinclair,Roy,Roy Sinclair,1944-12-10,Inside Forward,,,,
SinclairWillie19341014,Sinclair,Willie,Willie Sinclair,1934-10-14,Inside Forward,,,,
SinnottLewis20020304,Sinnott,Lewis,Lewis Sinnott,2002-03-04,,Defender,Right-Back,Left-Back,
SmithDerek19460705,Smith,Derek,Derek Smith,1946-07-05,Center Half,,,,
SmithGeorge,Smith,George,George Smith,,Inside Forward,,,,
SmithJohn19700723,Smith,John,John Smith,1970-07-23,Left Back,,Right-Back,,
SmithJonny19970728,Smith,Jonny,Jonny Smith,1997-07-28,,Midfielder,Right Winger,Left Winger,
SmithReg11916,Smith,Reg,Reg Smith,,Inside Left,,,,
SmithSam19980308,Smith,Sam,Sam Smith,1998-03-08,,Forward,Centre-Forward,Right Winger,
SmithWilliam1915,Smith,William,William Smith,,Inside Right,,,,
SodjeAkpo19800131,Sodje,Akpo,Akpo Sodje,1980-01-31,,Forward,Centre-Forward,,
SolomonDaviesJosh19991120,Solomon-Davies,Josh,Josh Solomon-Davies,1999-11-20,,Defender,Right-Back,,
SolomonSol20010317,Solomon,Sol,Sol Solomon,2001-03-17,,Forward,Centre-Forward,Left Winger,
SonkoEdrissa19800323,Sonko,Edrissa,Edrissa Sonko,1980-03-23,,Midfielder,Right Winger,Attacking Midfield,
SordellMarvin19910217,Sordell,Marvin,Marvin Sordell,1991-02-17,,Forward,Centre-Forward,Right Winger,
SousaErico19950312,Sousa,Erico,Erico Sousa,1995-03-12,,Midfielder,Left Winger,Right Winger,
SpeakmanSammy19340127,Speakman,Sammy,Sammy Speakman,1934-01-27,Outside Left,,,,
SpearingJay19881125,Spearing,Jay,Jay Spearing,1988-11-25,,Defender,Defensive Midfield,Central Midfield,
SpellmanCarl20001106,Spellman,Carl,Carl Spellman,2000-11-06,,Midfielder,Central Midfield,Defensive Midfield,
SpenceJames,Spence,James,James Spence,,Left Back,,,,
SpencerReg19081201,Spencer,Reg,Reg Spencer,1908-12-01,Left Half,,,,
SpencerTeddy,Spencer,Teddy,Teddy Spencer,,Inside Left,,,,
SpinkTony19291116,Spink,Tony,Tony Spink,1929-11-16,Center Forward,,,,
StJohnIan19380607,St John,Ian,Ian St John,1938-06-07,Center Forward,,,,
StanleyGraham19380127,Stanley,Graham,Graham Stanley,1938-01-27,Wing Half,,,,
StarbuckJoseph20020803,Starbuck,Joseph,Joseph Starbuck,2002-08-03,,Defender,Right-Back,Right Midfield,
SteelJim19591204,Steel,Jim,Jim Steel,1959-12-04,Center Forward,,Centre-Forward,,
SteelePercy19231226,Steele,Percy,Percy Steele,1923-12-26,Fullback,,,,
StephensTerry19351105,Stephens,Terry,Terry Stephens,1935-11-05,Inside Forward,,,,
StephensonDarren19930306,Stephenson,Darren,Darren Stephenson,1993-03-06,,Forward,Centre-Forward,Left Winger,Left Midfield
StevensDennis19331130,Stevens,Dennis,Dennis Stevens,1933-11-30,Inside Forward,,Centre-Forward,,
StevensGary19630327,Stevens,Gary,Gary Stevens,1963-03-27,Fullback,Defender,Right-Back,,
StevensonWillie19391026,Stevenson,Willie,Willie Stevenson,1939-10-26,Left Half,,Central Midfield,Centre-Back,Left Midfield
StockdaleRobbie19791130,Stockdale,Robbie,Robbie Stockdale,1979-11-30,,Defender,Right-Back,,
StocktonCole19940313,Stockton,Cole,Cole Stockton,1994-03-13,,Forward,Centre-Forward,,
StortonStan19390105,Storton,Stan,Stan Storton,1939-01-05,Right Back,,Right-Back,,
StortonTrevor19491126,Storton,Trevor,Trevor Storton,1949-11-26,Center Half,,Centre-Back,,
StottTom,Stott,Tom,Tom Stott,,Center Forward,,,,
StratulisRyan20030418,Stratulis,Ryan,Ryan Stratulis,2003-04-18,,Midfielder,Attacking Midfield,,
StuartEddie19310512,Stuart,Eddie,Eddie Stuart,1931-05-12,Center Half,,,,
StuartTom18931025,Stuart,Tom,Tom Stuart,1893-10-25,Left Back,,,,
SugdenArthur1894,Sugden,Arthur,Arthur Sugden,,Right Back,,,,
SummerbeeNicky19710826,Summerbee,Nicky,Nicky Summerbee,1971-08-26,,Midfielder,Right-Back,Central Midfield,Right Winger
SuttonRitchie19860429,Sutton,Ritchie,Ritchie Sutton,1986-04-29,,Defender,Centre-Back,Right-Back,
TanseyGerard19331015,Tansey,Gerard,Gerard Tansey,1933-10-15,Fullback,,,,
TaylorAndy19860314,Taylor,Andy,Andy Taylor,1986-03-14,,Defender,Left-Back,Centre-Back,
TaylorAsh19900902,Taylor,Ash,Ash Taylor,1990-09-02,,Defender,Centre-Back,Defensive Midfield,
TaylorFletcherGary19810604,Taylor-Fletcher,Gary,Gary Taylor-Fletcher,1981-06-04,,Forward,Right Winger,Centre-Forward,Left Winger
TaylorGareth19730225,Taylor,Gareth,Gareth Taylor,1973-02-25,,Forward,Centre-Forward,,
TaylorPerry19810129,Taylor,Perry,Perry Taylor,1981-01-29,,Midfielder,,,
TaylorRhys19900407,Taylor,Rhys,Rhys Taylor,1990-04-07,,Goalkeeper,Goalkeeper,,
TaylorRob19850116,Taylor,Rob,Rob Taylor,1985-01-16,,Defender,Left-Back,Left Midfield,
TaylorRyan19840819,Taylor,Ryan,Ryan Taylor,1984-08-19,,Defender,Right-Back,Left-Back,Defensive Midfield
TaylorSamuel20031223,Taylor,Samuel,Samuel Taylor,2003-12-23,,Midfielder,Centre-Forward,,
TaylorScott19760505,Taylor,Scott,Scott Taylor,1976-05-05,,Forward,Centre-Forward,,
TealeShaun19640310,Teale,Shaun,Shaun Teale,1964-03-10,Central Defender,Defender,Centre-Back,,
TempleErnest21910,Temple,Ernest,Ernest Temple,,Goalkeeper,,,,
ThirkellPercy19000213,Thirkell,Percy,Percy Thirkell,1900-02-13,Left Back,,,,
ThomasJohn19580805,Thomas,John,John Thomas,1958-08-05,Center Forward,,,,
ThomasKevin19450813,Thomas,Kevin,Kevin Thomas,1945-08-13,Goalkeeper,,,,
ThomasMooreIan19760826,Thomas-Moore,Ian,Ian Thomas-Moore,1976-08-26,Striker,Forward,Centre-Forward,,
ThomasRobert41911,Thomas,Robert,Robert Thomas,,Outside Right,,,,
ThomasStanley19190905,Thomas,Stanley,Stanley Thomas,1919-09-05,Inside Left,,,,
ThomasTony19710712,Thomas,Tony,Tony Thomas,1971-07-12,Defender,Defender,Right-Back,,
ThomasWilliam19060316,Thomas,William,William Thomas,1906-03-16,Center Half,,,,
ThompsonAlex19171208,Thompson,Alex,Alex Thompson,1917-12-08,Right Back,,,,
ThompsonAndy19671109,Thompson,Andy,Andy Thompson,1967-11-09,,Defender,Left-Back,,
ThompsonBailey20010607,Thompson,Bailey,Bailey Thompson,2001-06-07,,Midfielder,Centre-Forward,,
ThompsonBob18900227,Thompson,Bob,Bob Thompson,1890-02-27,Right Back,,,,
ThompsonJoe19890305,Thompson,Joe,Joe Thompson,1989-03-05,,Midfielder,Right Midfield,Right Winger,Left Midfield
ThompsonJohn19811012,Thompson,John,John Thompson,1981-10-12,,Defender,Right-Back,Centre-Back,Right Midfield
ThompsonJosh19910225,Thompson,Josh,Josh Thompson,1991-02-25,,Defender,Centre-Back,,
ThompsonRobert,Thompson,Robert,Robert Thompson,,Center Forward,,,,
ThornAndy19661112,Thorn,Andy,Andy Thorn,1966-11-12,Central Defender,Defender,Centre-Back,,
ThorntonSean19830518,Thornton,Sean,Sean Thornton,1983-05-18,,Midfielder,Central Midfield,,
ThorpeAdrian19631125,Thorpe,Adrian,Adrian Thorpe,1963-11-25,Outside Left,,,,
ThorpeAndy19600915,Thorpe,Andy,Andy Thorpe,1960-09-15,Defender,,,,
TilstonTommy19260219,Tilston,Tommy,Tommy Tilston,1926-02-19,Inside Forward,,,,
TimlinJamie20030916,Timlin,Jamie,Jamie Timlin,2003-09-16,,,Centre-Forward,,
TiryakiMustafa19870302,Tiryaki,Mustafa,Mustafa Tiryaki,1987-03-02,,Forward,Centre-Forward,,
TollittBen19941130,Tollitt,Ben,Ben Tollitt,1994-11-30,,Midfielder,Right Midfield,Left Midfield,
TomlinsonBen19891031,Tomlinson,Ben,Ben Tomlinson,1989-10-31,,Forward,Centre-Forward,Left Winger,Right Winger
TongRobert21911,Tong,Robert,Robert Tong,,Center Forward,,,,
TrainRay19510210,Train,Ray,Ray Train,1951-02-10,Midfielder,,Defensive Midfield,,
TraoreDrissa19920325,Traore,Drissa,Drissa Traore,1992-03-25,,Midfielder,Central Midfield,Defensive Midfield,
TravisHarry19111226,Travis,Harry,Harry Travis,1911-12-26,Center Forward,,,,
TremarcoCarl19851011,Tremarco,Carl,Carl Tremarco,1985-10-11,,Defender,Left-Back,,
TuckerCharles1917,Tucker,Charles,Charles Tucker,,Goalkeeper,,,,
TurnbullJordan19941030,Turnbull,Jordan,Jordan Turnbull,1994-10-30,,Defender,Centre-Back,Left-Back,Defensive Midfield
TurnerCookeJay20031231,Turner-Cooke,Jay,Jay Turner-Cooke,2003-12-31,,Midfielder,Attacking Midfield,Central Midfield,Right Midfield
TurnerIain19840126,Turner,Iain,Iain Turner,1984-01-26,,Goalkeeper,Goalkeeper,,
TwistFrank19401102,Twist,Frank,Frank Twist,1940-11-02,Outside Right,,,,
TynanBobby19551207,Tynan,Bobby,Bobby Tynan,1955-12-07,Midfielder,,,,
TynanTommy19551117,Tynan,Tommy,Tommy Tynan,1955-11-17,,,Centre-Forward,Right Winger,
UrmsonFred19071126,Urmson,Fred,Fred Urmson,1907-11-26,Outside Left,,,,
VaughanJames19880714,Vaughan,James,James Vaughan,1988-07-14,,Forward,Centre-Forward,,
VaughanLee19860717,Vaughan,Lee,Lee Vaughan,1986-07-17,,Defender,Right-Back,Right Midfield,
VaulksWill19930913,Vaulks,Will,Will Vaulks,1993-09-13,,Midfielder,Defensive Midfield,Centre-Back,Right-Back
VeitchTommy19491016,Veitch,Tommy,Tommy Veitch,1949-10-16,Midfielder,,,,
VickersSteve19671013,Vickers,Steve,Steve Vickers,1967-10-13,Central Defender,,Centre-Back,,
WalkdenEdgar19141104,Walkden,Edgar,Edgar Walkden,1914-11-04,Center Half,,,,
WalkerBrad19960425,Walker,Brad,Brad Walker,1996-04-25,,Midfielder,Defensive Midfield,Central Midfield,Centre-Back
WalkerRiceDanny20001110,Walker-Rice,Danny,Danny Walker-Rice,2000-11-10,,Forward,Right Winger,Left Winger,
WalkerStephen20001011,Walker,Stephen,Stephen Walker,2000-10-11,,Midfielder,Second Striker,Left Winger,Centre-Forward
WallaceJames19911219,Wallace,James,James Wallace,1991-12-19,,Midfielder,Central Midfield,Defensive Midfield,Attacking Midfield
WallsArthur19310115,Walls,Arthur,Arthur Walls,1931-01-15,Forward,,,,
WardGavin19700630,Ward,Gavin,Gavin Ward,1970-06-30,,Goalkeeper,Goalkeeper,,
WaringGeorge19941202,Waring,George,George Waring,1994-12-02,,Forward,Centre-Forward,,
WaringPongo19061012,Waring,Pongo,Pongo Waring,1906-10-12,Center Forward,,,,
WarnerTony19740511,Warner,Tony,Tony Warner,1974-05-11,,Goalkeeper,Goalkeeper,,
WarrenEmrys,Warren,Emrys,Emrys Warren,,Left Back,,,,
WarrinerSteve19581218,Warriner,Steve,Steve Warriner,1958-12-18,Defender,,,,
WarringtonLewis20021010,Warrington,Lewis,Lewis Warrington,2002-10-10,,Midfielder,Central Midfield,Defensive Midfield,Attacking Midfield
WassellGilbert19100409,Wassell,Gilbert,Gilbert Wassell,1910-04-09,Left Back,,,,
WaterfallLuke19900730,Waterfall,Luke,Luke Waterfall,1990-07-30,,Defender,Centre-Back,,
WaterstonArchie19021013,Waterston,Archie,Archie Waterston,1902-10-13,Center Forward,,,,
WatkinsBrad19940911,Watkins,Brad,Brad Watkins,1994-09-11,,Goalkeeper,,,
WatkinsBradley19940911,Watkins,Bradley,Bradley Watkins,1994-09-11,,,Goalkeeper,,
WatsonJack1912,Watson,Jack,Jack Watson,,Center Half,,,,
WatsonRyan19930707,Watson,Ryan,Ryan Watson,1993-07-07,,Midfielder,Defensive Midfield,Central Midfield,Right-Back
WattsFarewell19040310,Watts,Farewell,Farewell Watts,1904-03-10,Inside Right,,,,
WebbJohn19520210,Webb,John,John Webb,1952-02-10,Right Back,,,,
WeirJimmy19390412,Weir,Jimmy,Jimmy Weir,1939-04-12,Outside Left,,,,
WeirRobbie19881209,Weir,Robbie,Robbie Weir,1988-12-09,,Midfielder,Defensive Midfield,Central Midfield,Centre-Back
WelchKeith19681003,Welch,Keith,Keith Welch,1968-10-03,,Goalkeeper,Goalkeeper,,
WellingsBarry19580610,Wellings,Barry,Barry Wellings,1958-06-10,Forward,,,,
WelshJohn19840110,Welsh,John,John Welsh,1984-01-10,,Midfielder,Central Midfield,Defensive Midfield,
WestGordon19430424,West,Gordon,Gordon West,1943-04-24,Goalkeeper,,Goalkeeper,,
WestlakeBrian19430919,Westlake,Brian,Brian Westlake,1943-09-19,Center Forward,,,,
WhartonPaddy20000527,Wharton,Paddy,Paddy Wharton,2000-05-27,,Goalkeeper,Goalkeeper,,
WheelerJohnny19280726,Wheeler,Johnny,Johnny Wheeler,1928-07-26,Right Half,,Right Midfield,,
WhiteBob19011205,White,Bob,Bob White,1901-12-05,Outside Right,,,,
WhiteheadPhil19691217,Whitehead,Phil,Phil Whitehead,1969-12-17,,Goalkeeper,Goalkeeper,,
WhitehurstBert18980622,Whitehurst,Bert,Bert Whitehurst,1898-06-22,Center Forward,,,,
WhitmoreTheodore19720805,Whitmore,Theodore,Theodore Whitmore,1972-08-05,,Midfielder,Attacking Midfield,,
WhittinghamSteve19620204,Whittingham,Steve,Steve Whittingham,1962-02-04,Forward,,,,
WhyteCrawford19071204,Whyte,Crawford,Crawford Whyte,1907-12-04,Left Back,,,,
WildeLeslie,Wilde,Leslie,Leslie Wilde,,Goalkeeper,,,,
WilkinsonBarry19350616,Wilkinson,Barry,Barry Wilkinson,1935-06-16,Half Back,,,,
WilliamsGary19590514,Williams,Gary,Gary Williams,1959-05-14,Defender,,,,
WilliamsGraham19361231,Williams,Graham,Graham Williams,1936-12-31,Outside Left,,Left Midfield,,
WilliamsJack20030516,Williams,Jack,Jack Williams,2003-05-16,,,Right Winger,Attacking Midfield,Left Winger
WilliamsJackie19290801,Williams,Jackie,Jackie Williams,1929-08-01,Outside Left,,,,
WilliamsJohn19601003,Williams,John,John Williams,1960-10-03,Center Half,,Centre-Back,,
WilliamsJosh20040713,Williams,Josh,Josh Williams,2004-07-13,,Midfielder,,,
WilliamsKeith19370114,Williams,Keith,Keith Williams,1937-01-14,Inside Forward,,,,
WilliamsRay19301230,Williams,Ray,Ray Williams,1930-12-30,Wing Half,,,,
WilliamsRyan19780831,Williams,Ryan,Ryan Williams,1978-08-31,,Midfielder,Attacking Midfielder,,
WilliamsRyan19910408,Williams,Ryan,Ryan Williams,1991-04-08,,Midfielder,Attacking Midfielder,,
WilliamsTommy19290801,Williams,Tommy,Tommy Williams,1929-08-01,Wing Half,,,,
WilliamsonJames19260616,Williamson,James,James Williamson,1926-06-16,Inside Forward,,,,
WilliamsonStewie19260407,Williamson,Stewie,Stewie Williamson,1926-04-07,Outside Left,,,,
WilsonBob19280908,Wilson,Bob,Bob Wilson,1928-09-08,Right Back,,Right-Back,,
WilsonKane20000311,Wilson,Kane,Kane Wilson,2000-03-11,,Defender,Right-Back,Right Midfield,
WilsonMark19790209,Wilson,Mark,Mark Wilson,1979-02-09,,Midfielder,Central Midfield,,
WilsonSteve19740424,Wilson,Steve,Steve Wilson,1974-04-24,,Goalkeeper,Goalkeeper,,
WinnEdward,Winn,Edward,Edward Winn,,Center Half,,,,
WoanDon19271107,Woan,Don,Don Woan,1927-11-07,Forward,,,,
WoodAlbert19030425,Wood,Albert,Albert Wood,1903-04-25,Inside Left,,,,
WoodArchie19260318,Wood,Archie,Archie Wood,1926-03-18,Outside Left,,,,
WoodConnor19960717,Wood,Connor,Connor Wood,1996-07-17,,Defender,Left-Back,Left Midfield,
WoodNick19901109,Wood,Nick,Nick Wood,1990-11-09,,Defender,Centre-Back,Left-Back,
WoodardsDan19831007,Woodards,Dan,Dan Woodards,1983-10-07,,Defender,Right-Back,Left-Back,Centre-Back
WoodinSteve19550106,Woodin,Steve,Steve Woodin,1955-01-06,Winger,,,,
WoodsBilly19731024,Woods,Billy,Billy Woods,1973-10-24,Winger,Midfielder,Left Winger,Right Winger,
WoodsCalum19870205,Woods,Calum,Calum Woods,1987-02-05,,Defender,Right-Back,Left-Back,Centre-Back
WoodsRay19650607,Woods,Ray,Ray Woods,1965-06-07,Midfielder,,,,
WoodwardBilly,Woodward,Billy,Billy Woodward,,Inside Left,,,,
WoodyardAlex19930503,Woodyard,Alex,Alex Woodyard,1993-05-03,,Midfielder,Defensive Midfield,Central Midfield,Right Midfield
WooleryKaiyne19950111,Woolery,Kaiyne,Kaiyne Woolery,1995-01-11,,Midfielder,Left Winger,Right Winger,Centre-Forward
WoottonScott19910912,Wootton,Scott,Scott Wootton,1991-09-12,,Defender,Centre-Back,Right-Back,
WorthingtonFrank19481123,Worthington,Frank,Frank Worthington,1948-11-23,Center Forward,,,,
YardleyGeorge19421008,Yardley,George,George Yardley,1942-10-08,Center Forward,,,,
YarneyJosef19971008,Yarney,Josef,Josef Yarney,1997-10-08,,Defender,Centre-Back,Right-Back,Central Midfield
YatesSteve19700129,Yates,Steve,Steve Yates,1970-01-29,,Defender,Centre-Back,Right-Back,Left-Back
YatesWilf1898,Yates,Wilf,Wilf Yates,,Right Back,,,,
YeatsRon19371115,Yeats,Ron,Ron Yeats,1937-11-15,Center Half,,Centre-Back,,
YoungJack20001021,Young,Jack,Jack Young,2000-10-21,,Midfielder,Central Midfield,Defensive Midfield,
YoungTommy19471224,Young,Tommy,Tommy Young,1947-12-24,Forward,,Centre-Forward,Attacking Midfield,
ZolaCalvin19841231,Zola,Calvin,Calvin Zola,1984-12-31,,Forward,Centre-Forward,,
